case_id,model,size,requested_state_dim,constructor_options,model_seed,source_sha256,fingerprint,state_dim,action_dim,nnz,matrix_bytes,density,build_seconds,solver,repeat,seed,discount,precision,threads,runtime,wall_seconds,timeout_seconds,build_timeout_seconds,max_states,max_matrix_mib,residual,error_bound,status,error
5a97df2570be216803c3c040,access_control,small,10000,"{""state_dim"": 10000}",0,3ea07307912b2be3090b5df30731210b979f357470784c7192a1ec7a4baf8440,e1848f0eacb01254e3c95aafc091c95be8b93f5c119c87808962a35d5e63944c,100,2,10784,131816,0.5392,0.11444439995102584,mdpforge_vi,1,0,0.99,0.001,1,0.023996699834242463,0.4095454001799226,60,60,100000,256,9.890002047541202e-06,0.0009890002047541193,success,
5a97df2570be216803c3c040,access_control,small,10000,"{""state_dim"": 10000}",0,3ea07307912b2be3090b5df30731210b979f357470784c7192a1ec7a4baf8440,e1848f0eacb01254e3c95aafc091c95be8b93f5c119c87808962a35d5e63944c,100,2,10784,131816,0.5392,0.11444439995102584,mdptoolbox_vi,1,0,0.99,0.001,1,0.015911499969661236,0.41179749998264015,60,60,100000,256,4.65291805085144e-08,4.652918050851436e-06,success,
5a97df2570be216803c3c040,access_control,small,10000,"{""state_dim"": 10000}",0,3ea07307912b2be3090b5df30731210b979f357470784c7192a1ec7a4baf8440,e1848f0eacb01254e3c95aafc091c95be8b93f5c119c87808962a35d5e63944c,100,2,10784,131816,0.5392,0.11444439995102584,marmote_vi,1,0,0.99,0.001,1,0.089473299914971,0.4746244999114424,60,60,100000,256,3.410605131648481e-13,3.4106051316484777e-11,success,
5a97df2570be216803c3c040,access_control,small,10000,"{""state_dim"": 10000}",0,3ea07307912b2be3090b5df30731210b979f357470784c7192a1ec7a4baf8440,e1848f0eacb01254e3c95aafc091c95be8b93f5c119c87808962a35d5e63944c,100,2,10784,131816,0.5392,0.11444439995102584,mdpsolver_vi,1,0,0.99,0.001,1,0.07796959998086095,0.4791438998654485,60,60,100000,256,4.319224444770953e-08,4.3192244447709485e-06,success,
020264fb1859330eb82e1f44,access_control,medium,250000,"{""state_dim"": 250000}",0,3ea07307912b2be3090b5df30731210b979f357470784c7192a1ec7a4baf8440,dc41262825ce8e697906835fd06e648eb98a0129e1de469bd9e16af60386a1a2,500,2,253984,3059816,0.507968,2.7128432001918554,mdpforge_vi,1,0,0.99,0.001,1,0.15144329983741045,0.5391983999870718,60,60,100000,256,9.804945307223534e-06,0.0009804945307223525,success,
020264fb1859330eb82e1f44,access_control,medium,250000,"{""state_dim"": 250000}",0,3ea07307912b2be3090b5df30731210b979f357470784c7192a1ec7a4baf8440,dc41262825ce8e697906835fd06e648eb98a0129e1de469bd9e16af60386a1a2,500,2,253984,3059816,0.507968,2.7128432001918554,mdptoolbox_vi,1,0,0.99,0.001,1,0.0011255000717937946,0.41534549999050796,60,60,100000,256,,,error,StochasticError: 'PyMDPToolbox - The transition probability matrix is not stochastic.'
020264fb1859330eb82e1f44,access_control,medium,250000,"{""state_dim"": 250000}",0,3ea07307912b2be3090b5df30731210b979f357470784c7192a1ec7a4baf8440,dc41262825ce8e697906835fd06e648eb98a0129e1de469bd9e16af60386a1a2,500,2,253984,3059816,0.507968,2.7128432001918554,marmote_vi,1,0,0.99,0.001,1,2.0796672001015395,2.4904951001517475,60,60,100000,256,5.115907697472721e-13,5.115907697472717e-11,success,
020264fb1859330eb82e1f44,access_control,medium,250000,"{""state_dim"": 250000}",0,3ea07307912b2be3090b5df30731210b979f357470784c7192a1ec7a4baf8440,dc41262825ce8e697906835fd06e648eb98a0129e1de469bd9e16af60386a1a2,500,2,253984,3059816,0.507968,2.7128432001918554,mdpsolver_vi,1,0,0.99,0.001,1,1.8714286000467837,2.25517229991965,60,60,100000,256,2.2737367544323206e-12,2.2737367544323185e-10,success,
b9f9d3a36980bdc8a0d01ae7,access_control,large,1000000,"{""state_dim"": 1000000}",0,3ea07307912b2be3090b5df30731210b979f357470784c7192a1ec7a4baf8440,799c2739f46855020640f1f8470cced720aada9da0b0bdab259871e1b03927cd,1000,2,1007984,12119816,0.503992,10.948195500066504,mdpforge_vi,1,0,0.99,0.001,1,0.6044503999873996,1.0210637000855058,60,60,100000,256,9.804945648284047e-06,0.0009804945648284038,success,
b9f9d3a36980bdc8a0d01ae7,access_control,large,1000000,"{""state_dim"": 1000000}",0,3ea07307912b2be3090b5df30731210b979f357470784c7192a1ec7a4baf8440,799c2739f46855020640f1f8470cced720aada9da0b0bdab259871e1b03927cd,1000,2,1007984,12119816,0.503992,10.948195500066504,mdptoolbox_vi,1,0,0.99,0.001,1,0.004260899964720011,0.4232604999560863,60,60,100000,256,,,error,StochasticError: 'PyMDPToolbox - The transition probability matrix is not stochastic.'
b9f9d3a36980bdc8a0d01ae7,access_control,large,1000000,"{""state_dim"": 1000000}",0,3ea07307912b2be3090b5df30731210b979f357470784c7192a1ec7a4baf8440,799c2739f46855020640f1f8470cced720aada9da0b0bdab259871e1b03927cd,1000,2,1007984,12119816,0.503992,10.948195500066504,marmote_vi,1,0,0.99,0.001,1,11.519116800045595,11.955516500165686,60,60,100000,256,6.821210263296962e-13,6.821210263296955e-11,success,
b9f9d3a36980bdc8a0d01ae7,access_control,large,1000000,"{""state_dim"": 1000000}",0,3ea07307912b2be3090b5df30731210b979f357470784c7192a1ec7a4baf8440,799c2739f46855020640f1f8470cced720aada9da0b0bdab259871e1b03927cd,1000,2,1007984,12119816,0.503992,10.948195500066504,mdpsolver_vi,1,0,0.99,0.001,1,15.750659700017422,16.370656999992207,60,60,100000,256,2.7284841053187847e-12,2.728484105318782e-10,success,
9ba2c37d15aedb7bdc4be0da,acrobot,small,100,"{""state_dim"": 100}",0,ea23194257c12e0b0556508bb89718249df6bf2ba9e0db7c7a63f69c732c141e,ccb94023728d5bac9eeac41e1a89b152825207d6d5e3336a2e4150ddea0137cc,257,3,771,18516,0.0038910505836575876,0.027623100206255913,mdpforge_vi,1,0,0.99,0.001,1,0.036169900093227625,0.7434306000359356,60,60,100000,256,9.852993656522813e-06,0.0009852993656522804,success,
9ba2c37d15aedb7bdc4be0da,acrobot,small,100,"{""state_dim"": 100}",0,ea23194257c12e0b0556508bb89718249df6bf2ba9e0db7c7a63f69c732c141e,ccb94023728d5bac9eeac41e1a89b152825207d6d5e3336a2e4150ddea0137cc,257,3,771,18516,0.0038910505836575876,0.027623100206255913,mdptoolbox_vi,1,0,0.99,0.001,1,0.08138579991646111,0.6241352001670748,60,60,100000,256,4.986802082385111e-08,4.986802082385107e-06,success,
9ba2c37d15aedb7bdc4be0da,acrobot,small,100,"{""state_dim"": 100}",0,ea23194257c12e0b0556508bb89718249df6bf2ba9e0db7c7a63f69c732c141e,ccb94023728d5bac9eeac41e1a89b152825207d6d5e3336a2e4150ddea0137cc,257,3,771,18516,0.0038910505836575876,0.027623100206255913,marmote_vi,1,0,0.99,0.001,1,0.012482899939641356,0.5307090000715107,60,60,100000,256,2.492588180302846e-08,2.492588180302844e-06,success,
9ba2c37d15aedb7bdc4be0da,acrobot,small,100,"{""state_dim"": 100}",0,ea23194257c12e0b0556508bb89718249df6bf2ba9e0db7c7a63f69c732c141e,ccb94023728d5bac9eeac41e1a89b152825207d6d5e3336a2e4150ddea0137cc,257,3,771,18516,0.0038910505836575876,0.027623100206255913,mdpsolver_vi,1,0,0.99,0.001,1,0.015228400006890297,0.5212747000623494,60,60,100000,256,4.936934772103996e-08,4.9369347721039915e-06,success,
247a8463b727f6052f0b8f3f,acrobot,medium,1000,"{""state_dim"": 1000}",0,ea23194257c12e0b0556508bb89718249df6bf2ba9e0db7c7a63f69c732c141e,d9d022fa0b933422a393e729b54f715424c2a3d44d3568b8c54ec82009fac9d6,1297,3,3891,93396,0.0007710100231303007,0.11460079997777939,mdpforge_vi,1,0,0.99,0.001,1,0.07260829978622496,0.7898226999677718,60,60,100000,256,9.852993656522813e-06,0.0009852993656522804,success,
247a8463b727f6052f0b8f3f,acrobot,medium,1000,"{""state_dim"": 1000}",0,ea23194257c12e0b0556508bb89718249df6bf2ba9e0db7c7a63f69c732c141e,d9d022fa0b933422a393e729b54f715424c2a3d44d3568b8c54ec82009fac9d6,1297,3,3891,93396,0.0007710100231303007,0.11460079997777939,mdptoolbox_vi,1,0,0.99,0.001,1,0.47688050009310246,1.1195441000163555,60,60,100000,256,4.986802082385111e-08,4.986802082385107e-06,success,
247a8463b727f6052f0b8f3f,acrobot,medium,1000,"{""state_dim"": 1000}",0,ea23194257c12e0b0556508bb89718249df6bf2ba9e0db7c7a63f69c732c141e,d9d022fa0b933422a393e729b54f715424c2a3d44d3568b8c54ec82009fac9d6,1297,3,3891,93396,0.0007710100231303007,0.11460079997777939,marmote_vi,1,0,0.99,0.001,1,0.0890703999903053,0.7026311000809073,60,60,100000,256,2.492588180302846e-08,2.492588180302844e-06,success,
247a8463b727f6052f0b8f3f,acrobot,medium,1000,"{""state_dim"": 1000}",0,ea23194257c12e0b0556508bb89718249df6bf2ba9e0db7c7a63f69c732c141e,d9d022fa0b933422a393e729b54f715424c2a3d44d3568b8c54ec82009fac9d6,1297,3,3891,93396,0.0007710100231303007,0.11460079997777939,mdpsolver_vi,1,0,0.99,0.001,1,0.08900409983471036,0.7864695000462234,60,60,100000,256,4.936934772103996e-08,4.9369347721039915e-06,success,
290583a5acd493d9c91ee265,acrobot,large,5000,"{""state_dim"": 5000}",0,ea23194257c12e0b0556508bb89718249df6bf2ba9e0db7c7a63f69c732c141e,6057aca6c6b54a73e11a8c05de906c818732bdddadce35aab09bd51e1bc61b6c,4097,3,12291,294996,0.000244081034903588,0.3467578999698162,mdpforge_vi,1,0,0.99,0.001,1,0.14779959991574287,0.8186686001718044,60,60,100000,256,9.852993656522813e-06,0.0009852993656522804,success,
290583a5acd493d9c91ee265,acrobot,large,5000,"{""state_dim"": 5000}",0,ea23194257c12e0b0556508bb89718249df6bf2ba9e0db7c7a63f69c732c141e,6057aca6c6b54a73e11a8c05de906c818732bdddadce35aab09bd51e1bc61b6c,4097,3,12291,294996,0.000244081034903588,0.3467578999698162,mdptoolbox_vi,1,0,0.99,0.001,1,2.3389995999168605,2.914312500040978,60,60,100000,256,4.986802082385111e-08,4.986802082385107e-06,success,
290583a5acd493d9c91ee265,acrobot,large,5000,"{""state_dim"": 5000}",0,ea23194257c12e0b0556508bb89718249df6bf2ba9e0db7c7a63f69c732c141e,6057aca6c6b54a73e11a8c05de906c818732bdddadce35aab09bd51e1bc61b6c,4097,3,12291,294996,0.000244081034903588,0.3467578999698162,marmote_vi,1,0,0.99,0.001,1,0.24534550006501377,0.8354851000476629,60,60,100000,256,2.492588180302846e-08,2.492588180302844e-06,success,
290583a5acd493d9c91ee265,acrobot,large,5000,"{""state_dim"": 5000}",0,ea23194257c12e0b0556508bb89718249df6bf2ba9e0db7c7a63f69c732c141e,6057aca6c6b54a73e11a8c05de906c818732bdddadce35aab09bd51e1bc61b6c,4097,3,12291,294996,0.000244081034903588,0.3467578999698162,mdpsolver_vi,1,0,0.99,0.001,1,0.28362390003167093,0.978526699822396,60,60,100000,256,4.936934772103996e-08,4.9369347721039915e-06,success,
fd83f9cf28356146545aea0f,admission,small,100,"{""state_dim"": 100}",0,c79839f7e9bf6be5d96a2a990e890373a4196a1a83dacbe57c40c29be2301641,0568c05c045f15ff8854420d0f7ed2103fcc27284c932c9885be2a769bb6cbcc,108,2,1864,24968,0.0799039780521262,0.012667600065469742,mdpforge_vi,1,0,0.99,0.001,1,0.02007079985924065,0.5416015000082552,60,60,100000,256,9.817851648108444e-06,0.0009817851648108436,success,
fd83f9cf28356146545aea0f,admission,small,100,"{""state_dim"": 100}",0,c79839f7e9bf6be5d96a2a990e890373a4196a1a83dacbe57c40c29be2301641,0568c05c045f15ff8854420d0f7ed2103fcc27284c932c9885be2a769bb6cbcc,108,2,1864,24968,0.0799039780521262,0.012667600065469742,mdptoolbox_vi,1,0,0.99,0.001,1,0.015510400058701634,0.6338919999543577,60,60,100000,256,4.2968750335603545e-08,4.29687503356035e-06,success,
fd83f9cf28356146545aea0f,admission,small,100,"{""state_dim"": 100}",0,c79839f7e9bf6be5d96a2a990e890373a4196a1a83dacbe57c40c29be2301641,0568c05c045f15ff8854420d0f7ed2103fcc27284c932c9885be2a769bb6cbcc,108,2,1864,24968,0.0799039780521262,0.012667600065469742,marmote_vi,1,0,0.99,0.001,1,0.017479300033301115,0.5638786000199616,60,60,100000,256,4.263256414560601e-14,4.263256414560597e-12,success,
fd83f9cf28356146545aea0f,admission,small,100,"{""state_dim"": 100}",0,c79839f7e9bf6be5d96a2a990e890373a4196a1a83dacbe57c40c29be2301641,0568c05c045f15ff8854420d0f7ed2103fcc27284c932c9885be2a769bb6cbcc,108,2,1864,24968,0.0799039780521262,0.012667600065469742,mdpsolver_vi,1,0,0.99,0.001,1,0.01938099996186793,0.6343032999429852,60,60,100000,256,3.800168713041785e-08,3.8001687130417816e-06,success,
ca3534f8c5fcc442f323f9eb,admission,medium,1000,"{""state_dim"": 1000}",0,c79839f7e9bf6be5d96a2a990e890373a4196a1a83dacbe57c40c29be2301641,a3653a03270b849c180dbc39cee8f17041666409643560970c22aa24c73361ae,1008,2,17314,231968,0.008520132590073067,0.11536439997144043,mdpforge_vi,1,0,0.99,0.001,1,0.0524057000875473,0.606089900014922,60,60,100000,256,9.823842674450134e-06,0.0009823842674450125,success,
ca3534f8c5fcc442f323f9eb,admission,medium,1000,"{""state_dim"": 1000}",0,c79839f7e9bf6be5d96a2a990e890373a4196a1a83dacbe57c40c29be2301641,a3653a03270b849c180dbc39cee8f17041666409643560970c22aa24c73361ae,1008,2,17314,231968,0.008520132590073067,0.11536439997144043,mdptoolbox_vi,1,0,0.99,0.001,1,0.2114875998813659,0.6447813000995666,60,60,100000,256,4.883531801169738e-08,4.883531801169734e-06,success,
ca3534f8c5fcc442f323f9eb,admission,medium,1000,"{""state_dim"": 1000}",0,c79839f7e9bf6be5d96a2a990e890373a4196a1a83dacbe57c40c29be2301641,a3653a03270b849c180dbc39cee8f17041666409643560970c22aa24c73361ae,1008,2,17314,231968,0.008520132590073067,0.11536439997144043,marmote_vi,1,0,0.99,0.001,1,0.15590390004217625,0.6489744000136852,60,60,100000,256,4.547473508864641e-13,4.547473508864637e-11,success,
ca3534f8c5fcc442f323f9eb,admission,medium,1000,"{""state_dim"": 1000}",0,c79839f7e9bf6be5d96a2a990e890373a4196a1a83dacbe57c40c29be2301641,a3653a03270b849c180dbc39cee8f17041666409643560970c22aa24c73361ae,1008,2,17314,231968,0.008520132590073067,0.11536439997144043,mdpsolver_vi,1,0,0.99,0.001,1,0.2067646998912096,0.5994559000246227,60,60,100000,256,4.794787855644245e-08,4.7947878556442405e-06,success,
caf17a294e1bc0422fdb181c,admission,large,5000,"{""state_dim"": 5000}",0,c79839f7e9bf6be5d96a2a990e890373a4196a1a83dacbe57c40c29be2301641,ae16567e1cb84eeb570f72c3a2b5501fed507f66d0bdc3088393b33e034dc700,5004,2,85912,1151048,0.00171549411150536,0.3872520001605153,mdpforge_vi,1,0,0.99,0.001,1,0.2096680998802185,0.6254654000513256,60,60,100000,256,9.88339070318034e-06,0.000988339070318033,success,
caf17a294e1bc0422fdb181c,admission,large,5000,"{""state_dim"": 5000}",0,c79839f7e9bf6be5d96a2a990e890373a4196a1a83dacbe57c40c29be2301641,ae16567e1cb84eeb570f72c3a2b5501fed507f66d0bdc3088393b33e034dc700,5004,2,85912,1151048,0.00171549411150536,0.3872520001605153,mdptoolbox_vi,1,0,0.99,0.001,1,2.122092300094664,2.4996132000815123,60,60,100000,256,4.958110366715118e-08,4.958110366715114e-06,success,
caf17a294e1bc0422fdb181c,admission,large,5000,"{""state_dim"": 5000}",0,c79839f7e9bf6be5d96a2a990e890373a4196a1a83dacbe57c40c29be2301641,ae16567e1cb84eeb570f72c3a2b5501fed507f66d0bdc3088393b33e034dc700,5004,2,85912,1151048,0.00171549411150536,0.3872520001605153,marmote_vi,1,0,0.99,0.001,1,0.7874370000790805,1.1890567999798805,60,60,100000,256,4.1435441744397394e-09,4.1435441744397357e-07,success,
caf17a294e1bc0422fdb181c,admission,large,5000,"{""state_dim"": 5000}",0,c79839f7e9bf6be5d96a2a990e890373a4196a1a83dacbe57c40c29be2301641,ae16567e1cb84eeb570f72c3a2b5501fed507f66d0bdc3088393b33e034dc700,5004,2,85912,1151048,0.00171549411150536,0.3872520001605153,mdpsolver_vi,1,0,0.99,0.001,1,1.077978199813515,1.4821879998780787,60,60,100000,256,4.900886096947943e-08,4.900886096947939e-06,success,
1b7ed3ec71d545f4e228cf98,ambulance,small,10000,"{""state_dim"": 10000}",0,de9ee5bbc27878dec6dcc3470d5ef4c9411c407ccda15ace56730e47af97810d,79c50ed475712ce66a0e3b062f3b7db0f7c3e5648059e8b62673516048f5f426,100,10,98000,1188040,0.98,0.008913500001654029,mdpforge_vi,1,0,0.99,0.001,1,0.09835290000773966,0.9853548000101,60,60,100000,256,9.872594844750893e-06,0.0009872594844750884,success,
1b7ed3ec71d545f4e228cf98,ambulance,small,10000,"{""state_dim"": 10000}",0,de9ee5bbc27878dec6dcc3470d5ef4c9411c407ccda15ace56730e47af97810d,79c50ed475712ce66a0e3b062f3b7db0f7c3e5648059e8b62673516048f5f426,100,10,98000,1188040,0.98,0.008913500001654029,mdptoolbox_vi,1,0,0.99,0.001,1,0.056823299964889884,0.9500200999900699,60,60,100000,256,,,error,ValueError: math domain error
1b7ed3ec71d545f4e228cf98,ambulance,small,10000,"{""state_dim"": 10000}",0,de9ee5bbc27878dec6dcc3470d5ef4c9411c407ccda15ace56730e47af97810d,79c50ed475712ce66a0e3b062f3b7db0f7c3e5648059e8b62673516048f5f426,100,10,98000,1188040,0.98,0.008913500001654029,marmote_vi,1,0,0.99,0.001,1,0.7633768999949098,1.6795920999720693,60,60,100000,256,1.4210854715202004e-14,1.4210854715201992e-12,success,
1b7ed3ec71d545f4e228cf98,ambulance,small,10000,"{""state_dim"": 10000}",0,de9ee5bbc27878dec6dcc3470d5ef4c9411c407ccda15ace56730e47af97810d,79c50ed475712ce66a0e3b062f3b7db0f7c3e5648059e8b62673516048f5f426,100,10,98000,1188040,0.98,0.008913500001654029,mdpsolver_vi,1,0,0.99,0.001,1,0.6850888000335544,1.5788575001060963,60,60,100000,256,0.0,0.0,success,
030908e4ad21960da6b3f7ab,ambulance,medium,40000,"{""state_dim"": 40000}",0,de9ee5bbc27878dec6dcc3470d5ef4c9411c407ccda15ace56730e47af97810d,8d2ee4bd4baabbda8ed107c580c7ace0ea2a2e079d7a87a7b04e3acff4006a90,200,10,396000,4776040,0.99,0.011969799874350429,mdpforge_vi,1,0,0.99,0.001,1,0.21647979994304478,1.1343310000374913,60,60,100000,256,9.870336285189296e-06,0.0009870336285189288,success,
030908e4ad21960da6b3f7ab,ambulance,medium,40000,"{""state_dim"": 40000}",0,de9ee5bbc27878dec6dcc3470d5ef4c9411c407ccda15ace56730e47af97810d,8d2ee4bd4baabbda8ed107c580c7ace0ea2a2e079d7a87a7b04e3acff4006a90,200,10,396000,4776040,0.99,0.011969799874350429,mdptoolbox_vi,1,0,0.99,0.001,1,0.17430990003049374,1.0712973999325186,60,60,100000,256,,,error,ValueError: math domain error
030908e4ad21960da6b3f7ab,ambulance,medium,40000,"{""state_dim"": 40000}",0,de9ee5bbc27878dec6dcc3470d5ef4c9411c407ccda15ace56730e47af97810d,8d2ee4bd4baabbda8ed107c580c7ace0ea2a2e079d7a87a7b04e3acff4006a90,200,10,396000,4776040,0.99,0.011969799874350429,marmote_vi,1,0,0.99,0.001,1,3.163262400077656,4.071723100030795,60,60,100000,256,5.684341886080802e-14,5.684341886080797e-12,success,
030908e4ad21960da6b3f7ab,ambulance,medium,40000,"{""state_dim"": 40000}",0,de9ee5bbc27878dec6dcc3470d5ef4c9411c407ccda15ace56730e47af97810d,8d2ee4bd4baabbda8ed107c580c7ace0ea2a2e079d7a87a7b04e3acff4006a90,200,10,396000,4776040,0.99,0.011969799874350429,mdpsolver_vi,1,0,0.99,0.001,1,2.7409729999490082,3.6525137999560684,60,60,100000,256,0.0,0.0,success,
83b70e6ce87eca03144094dc,ambulance,large,160000,"{""state_dim"": 160000}",0,de9ee5bbc27878dec6dcc3470d5ef4c9411c407ccda15ace56730e47af97810d,025d39f9b8ba0e6ef3f86fa683e91a49a623aedac5bd5664f9bcd3b408fc841b,400,10,1592000,19152040,0.995,0.021872500190511346,mdpforge_vi,1,0,0.99,0.001,1,1.0243176999501884,1.9456535000354052,60,60,100000,256,9.87037478239472e-06,0.000987037478239471,success,
83b70e6ce87eca03144094dc,ambulance,large,160000,"{""state_dim"": 160000}",0,de9ee5bbc27878dec6dcc3470d5ef4c9411c407ccda15ace56730e47af97810d,025d39f9b8ba0e6ef3f86fa683e91a49a623aedac5bd5664f9bcd3b408fc841b,400,10,1592000,19152040,0.995,0.021872500190511346,mdptoolbox_vi,1,0,0.99,0.001,1,0.8371844999492168,1.7908236000221223,60,60,100000,256,,,error,ValueError: math domain error
83b70e6ce87eca03144094dc,ambulance,large,160000,"{""state_dim"": 160000}",0,de9ee5bbc27878dec6dcc3470d5ef4c9411c407ccda15ace56730e47af97810d,025d39f9b8ba0e6ef3f86fa683e91a49a623aedac5bd5664f9bcd3b408fc841b,400,10,1592000,19152040,0.995,0.021872500190511346,marmote_vi,1,0,0.99,0.001,1,16.277893099933863,17.27355520008132,60,60,100000,256,7.105427357601002e-14,7.105427357600995e-12,success,
83b70e6ce87eca03144094dc,ambulance,large,160000,"{""state_dim"": 160000}",0,de9ee5bbc27878dec6dcc3470d5ef4c9411c407ccda15ace56730e47af97810d,025d39f9b8ba0e6ef3f86fa683e91a49a623aedac5bd5664f9bcd3b408fc841b,400,10,1592000,19152040,0.995,0.021872500190511346,mdpsolver_vi,1,0,0.99,0.001,1,16.842166100163013,18.03915450000204,60,60,100000,256,5.684341886080802e-14,5.684341886080797e-12,success,
7e1177e5be5f5eed0c23c70f,ambulance_relocation,small,2500,"{""state_dim"": 2500}",0,07497c206ed8d36b2f0a503369f956bcb66683f6b4752bb1d182c2c624d03c15,338137f12ee3a86315f49af5a2262fd67faa2e504bed5f68aea029c519324f00,50,10,25000,306040,1.0,0.03801939985714853,mdpforge_vi,1,0,0.99,0.001,1,0.07239709980785847,0.6480666999705136,60,60,100000,256,9.82442867325517e-06,0.0009824428673255161,success,
7e1177e5be5f5eed0c23c70f,ambulance_relocation,small,2500,"{""state_dim"": 2500}",0,07497c206ed8d36b2f0a503369f956bcb66683f6b4752bb1d182c2c624d03c15,338137f12ee3a86315f49af5a2262fd67faa2e504bed5f68aea029c519324f00,50,10,25000,306040,1.0,0.03801939985714853,mdptoolbox_vi,1,0,0.99,0.001,1,0.02643299987539649,0.5547436999622732,60,60,100000,256,7.105427357601002e-15,7.105427357600996e-13,success,
7e1177e5be5f5eed0c23c70f,ambulance_relocation,small,2500,"{""state_dim"": 2500}",0,07497c206ed8d36b2f0a503369f956bcb66683f6b4752bb1d182c2c624d03c15,338137f12ee3a86315f49af5a2262fd67faa2e504bed5f68aea029c519324f00,50,10,25000,306040,1.0,0.03801939985714853,marmote_vi,1,0,0.99,0.001,1,0.2328894000966102,0.8223615000024438,60,60,100000,256,3.552713678800501e-15,3.552713678800498e-13,success,
7e1177e5be5f5eed0c23c70f,ambulance_relocation,small,2500,"{""state_dim"": 2500}",0,07497c206ed8d36b2f0a503369f956bcb66683f6b4752bb1d182c2c624d03c15,338137f12ee3a86315f49af5a2262fd67faa2e504bed5f68aea029c519324f00,50,10,25000,306040,1.0,0.03801939985714853,mdpsolver_vi,1,0,0.99,0.001,1,0.19421370001509786,0.711848400067538,60,60,100000,256,1.4210854715202004e-14,1.4210854715201992e-12,success,
2a8cdf991161995f5f06d780,ambulance_relocation,medium,40000,"{""state_dim"": 40000}",0,07497c206ed8d36b2f0a503369f956bcb66683f6b4752bb1d182c2c624d03c15,4fa15e6cd6829de89b3af8229eb6ebae33a153dad02c8c62f51ebea2ee6f4d0a,200,10,400000,4824040,1.0,0.548850700026378,mdpforge_vi,1,0,0.99,0.001,1,0.2339771999977529,0.7473289000336081,60,60,100000,256,9.836289592612957e-06,0.0009836289592612948,success,
2a8cdf991161995f5f06d780,ambulance_relocation,medium,40000,"{""state_dim"": 40000}",0,07497c206ed8d36b2f0a503369f956bcb66683f6b4752bb1d182c2c624d03c15,4fa15e6cd6829de89b3af8229eb6ebae33a153dad02c8c62f51ebea2ee6f4d0a,200,10,400000,4824040,1.0,0.548850700026378,mdptoolbox_vi,1,0,0.99,0.001,1,0.227548599941656,0.7376916999928653,60,60,100000,256,,,error,ValueError: math domain error
2a8cdf991161995f5f06d780,ambulance_relocation,medium,40000,"{""state_dim"": 40000}",0,07497c206ed8d36b2f0a503369f956bcb66683f6b4752bb1d182c2c624d03c15,4fa15e6cd6829de89b3af8229eb6ebae33a153dad02c8c62f51ebea2ee6f4d0a,200,10,400000,4824040,1.0,0.548850700026378,marmote_vi,1,0,0.99,0.001,1,3.8730818999465555,4.3809122000820935,60,60,100000,256,2.1316282072803006e-14,2.1316282072802985e-12,success,
2a8cdf991161995f5f06d780,ambulance_relocation,medium,40000,"{""state_dim"": 40000}",0,07497c206ed8d36b2f0a503369f956bcb66683f6b4752bb1d182c2c624d03c15,4fa15e6cd6829de89b3af8229eb6ebae33a153dad02c8c62f51ebea2ee6f4d0a,200,10,400000,4824040,1.0,0.548850700026378,mdpsolver_vi,1,0,0.99,0.001,1,3.2786733999382704,3.801452700048685,60,60,100000,256,2.1316282072803006e-14,2.1316282072802985e-12,success,
6648af5cb65546b69300b5c4,ambulance_relocation,large,160000,"{""state_dim"": 160000}",0,07497c206ed8d36b2f0a503369f956bcb66683f6b4752bb1d182c2c624d03c15,c9b8479f67ae097cb08a40bba8eb9a19db553ab3f9b836e07352a296c53930de,400,10,1600000,19248040,1.0,2.5508260999340564,mdpforge_vi,1,0,0.99,0.001,1,1.2496009999886155,1.7690024999901652,60,60,100000,256,9.83677115584669e-06,0.0009836771155846682,success,
6648af5cb65546b69300b5c4,ambulance_relocation,large,160000,"{""state_dim"": 160000}",0,07497c206ed8d36b2f0a503369f956bcb66683f6b4752bb1d182c2c624d03c15,c9b8479f67ae097cb08a40bba8eb9a19db553ab3f9b836e07352a296c53930de,400,10,1600000,19248040,1.0,2.5508260999340564,mdptoolbox_vi,1,0,0.99,0.001,1,1.0893264999613166,1.716141500044614,60,60,100000,256,,,error,ValueError: math domain error
6648af5cb65546b69300b5c4,ambulance_relocation,large,160000,"{""state_dim"": 160000}",0,07497c206ed8d36b2f0a503369f956bcb66683f6b4752bb1d182c2c624d03c15,c9b8479f67ae097cb08a40bba8eb9a19db553ab3f9b836e07352a296c53930de,400,10,1600000,19248040,1.0,2.5508260999340564,marmote_vi,1,0,0.99,0.001,1,14.464865599991754,14.992274599848315,60,60,100000,256,4.973799150320701e-14,4.973799150320697e-12,success,
6648af5cb65546b69300b5c4,ambulance_relocation,large,160000,"{""state_dim"": 160000}",0,07497c206ed8d36b2f0a503369f956bcb66683f6b4752bb1d182c2c624d03c15,c9b8479f67ae097cb08a40bba8eb9a19db553ab3f9b836e07352a296c53930de,400,10,1600000,19248040,1.0,2.5508260999340564,mdpsolver_vi,1,0,0.99,0.001,1,11.795863500097767,12.207908499985933,60,60,100000,256,1.4210854715202004e-14,1.4210854715201992e-12,success,
5ae12eb86e94ffb4812eb6f0,barto,small,100,"{""state_dim"": 100}",0,35331ecf5afac5dd9ad38ae719445d6b0268cc83c14b71d189f59ae3cacf3a3c,13ae9e2bfa0178713e0fa36ceafae29846a974074da9b1603591eaf1f4a8c0c6,146,9,1456,33276,0.007589499801922395,0.027476799907162786,mdpforge_vi,1,0,0.99,0.001,1,0.0007686000317335129,0.3982002998236567,60,60,100000,256,2.510328778182469e-06,0.0002510328778182467,success,
5ae12eb86e94ffb4812eb6f0,barto,small,100,"{""state_dim"": 100}",0,35331ecf5afac5dd9ad38ae719445d6b0268cc83c14b71d189f59ae3cacf3a3c,13ae9e2bfa0178713e0fa36ceafae29846a974074da9b1603591eaf1f4a8c0c6,146,9,1456,33276,0.007589499801922395,0.027476799907162786,mdptoolbox_vi,1,0,0.99,0.001,1,0.06256509991362691,0.44819990010000765,60,60,100000,256,6.594565338247094e-09,6.594565338247087e-07,success,
5ae12eb86e94ffb4812eb6f0,barto,small,100,"{""state_dim"": 100}",0,35331ecf5afac5dd9ad38ae719445d6b0268cc83c14b71d189f59ae3cacf3a3c,13ae9e2bfa0178713e0fa36ceafae29846a974074da9b1603591eaf1f4a8c0c6,146,9,1456,33276,0.007589499801922395,0.027476799907162786,marmote_vi,1,0,0.99,0.001,1,0.01151039986871183,0.3961250002030283,60,60,100000,256,6.594565338247094e-09,6.594565338247087e-07,success,
5ae12eb86e94ffb4812eb6f0,barto,small,100,"{""state_dim"": 100}",0,35331ecf5afac5dd9ad38ae719445d6b0268cc83c14b71d189f59ae3cacf3a3c,13ae9e2bfa0178713e0fa36ceafae29846a974074da9b1603591eaf1f4a8c0c6,146,9,1456,33276,0.007589499801922395,0.027476799907162786,mdpsolver_vi,1,0,0.99,0.001,1,0.010616299929097295,0.38562549999915063,60,60,100000,256,2.3172532603865552e-09,2.317253260386553e-07,success,
438db18054dd787d74abef64,barto,medium,1000,"{""state_dim"": 1000}",0,35331ecf5afac5dd9ad38ae719445d6b0268cc83c14b71d189f59ae3cacf3a3c,ac231fc320ca2f698620a52ecc807a9c5ef6f8f29d7d513d4b0ad71701a98dfc,726,9,15654,266292,0.0032999668611990176,0.28503939998336136,mdpforge_vi,1,0,0.99,0.001,1,0.0009496000129729509,0.3946667001582682,60,60,100000,256,3.427608064043852e-07,3.4276080640438495e-05,success,
438db18054dd787d74abef64,barto,medium,1000,"{""state_dim"": 1000}",0,35331ecf5afac5dd9ad38ae719445d6b0268cc83c14b71d189f59ae3cacf3a3c,ac231fc320ca2f698620a52ecc807a9c5ef6f8f29d7d513d4b0ad71701a98dfc,726,9,15654,266292,0.0032999668611990176,0.28503939998336136,mdptoolbox_vi,1,0,0.99,0.001,1,0.40506980009377,0.8099697998259217,60,60,100000,256,5.096713273644582e-09,5.096713273644578e-07,success,
438db18054dd787d74abef64,barto,medium,1000,"{""state_dim"": 1000}",0,35331ecf5afac5dd9ad38ae719445d6b0268cc83c14b71d189f59ae3cacf3a3c,ac231fc320ca2f698620a52ecc807a9c5ef6f8f29d7d513d4b0ad71701a98dfc,726,9,15654,266292,0.0032999668611990176,0.28503939998336136,marmote_vi,1,0,0.99,0.001,1,0.11524239997379482,0.5130421000067145,60,60,100000,256,7.981051375338666e-10,7.981051375338659e-08,success,
438db18054dd787d74abef64,barto,medium,1000,"{""state_dim"": 1000}",0,35331ecf5afac5dd9ad38ae719445d6b0268cc83c14b71d189f59ae3cacf3a3c,ac231fc320ca2f698620a52ecc807a9c5ef6f8f29d7d513d4b0ad71701a98dfc,726,9,15654,266292,0.0032999668611990176,0.28503939998336136,mdpsolver_vi,1,0,0.99,0.001,1,0.10826039989478886,0.48967399983666837,60,60,100000,256,7.981006966417681e-10,7.981006966417674e-08,success,
9d7c099d5c37b1147681989f,barto,large,5000,"{""state_dim"": 5000}",0,35331ecf5afac5dd9ad38ae719445d6b0268cc83c14b71d189f59ae3cacf3a3c,8fa1f3a64cc4c97301b32970b3fae7d2a6e76d770aec869e5d00c7c0a2304fbe,4770,9,159198,2425572,0.0007774247092312042,2.8636143999174237,mdpforge_vi,1,0,0.99,0.001,1,0.004006400005891919,0.4297239000443369,60,60,100000,256,1.7943988122048893e-06,0.00017943988122048877,success,
9d7c099d5c37b1147681989f,barto,large,5000,"{""state_dim"": 5000}",0,35331ecf5afac5dd9ad38ae719445d6b0268cc83c14b71d189f59ae3cacf3a3c,8fa1f3a64cc4c97301b32970b3fae7d2a6e76d770aec869e5d00c7c0a2304fbe,4770,9,159198,2425572,0.0007774247092312042,2.8636143999174237,mdptoolbox_vi,1,0,0.99,0.001,1,8.173875600099564,8.57845150004141,60,60,100000,256,1.0432859021136665e-09,1.0432859021136655e-07,success,
9d7c099d5c37b1147681989f,barto,large,5000,"{""state_dim"": 5000}",0,35331ecf5afac5dd9ad38ae719445d6b0268cc83c14b71d189f59ae3cacf3a3c,8fa1f3a64cc4c97301b32970b3fae7d2a6e76d770aec869e5d00c7c0a2304fbe,4770,9,159198,2425572,0.0007774247092312042,2.8636143999174237,marmote_vi,1,0,0.99,0.001,1,1.171794099966064,1.581727399956435,60,60,100000,256,1.0432859021136665e-09,1.0432859021136655e-07,success,
9d7c099d5c37b1147681989f,barto,large,5000,"{""state_dim"": 5000}",0,35331ecf5afac5dd9ad38ae719445d6b0268cc83c14b71d189f59ae3cacf3a3c,8fa1f3a64cc4c97301b32970b3fae7d2a6e76d770aec869e5d00c7c0a2304fbe,4770,9,159198,2425572,0.0007774247092312042,2.8636143999174237,mdpsolver_vi,1,0,0.99,0.001,1,1.1175257000140846,1.5223558000288904,60,60,100000,256,1.0332845690186332e-10,1.0332845690186322e-08,success,
3b5289a43fec74b98f1375e5,block,small,100,"{""state_dim"": 100}",0,ae45ee7011f40495375bdbe1bfe00d693373ddb09516f7c0779f07385e873e78,45fa87e7996a222a06c0a41ce65ba39748f9734e78704b6ae3a43002e2c1ce88,100,10,10306,135712,0.10306,0.139984899898991,mdpforge_vi,1,0,0.99,0.001,1,0.08035720000043511,0.4706231001764536,60,60,100000,256,9.875307114270981e-06,0.0009875307114270973,success,
3b5289a43fec74b98f1375e5,block,small,100,"{""state_dim"": 100}",0,ae45ee7011f40495375bdbe1bfe00d693373ddb09516f7c0779f07385e873e78,45fa87e7996a222a06c0a41ce65ba39748f9734e78704b6ae3a43002e2c1ce88,100,10,10306,135712,0.10306,0.139984899898991,mdptoolbox_vi,1,0,0.99,0.001,1,0.05820670002140105,0.4486674000509083,60,60,100000,256,4.615412763087079e-08,4.615412763087075e-06,success,
3b5289a43fec74b98f1375e5,block,small,100,"{""state_dim"": 100}",0,ae45ee7011f40495375bdbe1bfe00d693373ddb09516f7c0779f07385e873e78,45fa87e7996a222a06c0a41ce65ba39748f9734e78704b6ae3a43002e2c1ce88,100,10,10306,135712,0.10306,0.139984899898991,marmote_vi,1,0,0.99,0.001,1,0.09371859999373555,0.4713208000175655,60,60,100000,256,1.8189894035458565e-12,1.818989403545855e-10,success,
3b5289a43fec74b98f1375e5,block,small,100,"{""state_dim"": 100}",0,ae45ee7011f40495375bdbe1bfe00d693373ddb09516f7c0779f07385e873e78,45fa87e7996a222a06c0a41ce65ba39748f9734e78704b6ae3a43002e2c1ce88,100,10,10306,135712,0.10306,0.139984899898991,mdpsolver_vi,1,0,0.99,0.001,1,0.08081700000911951,0.46108800009824336,60,60,100000,256,4.3068212107755244e-08,4.30682121077552e-06,success,
87e24246d32ead3dd86b6a6a,block,medium,400,"{""state_dim"": 400}",0,ae45ee7011f40495375bdbe1bfe00d693373ddb09516f7c0779f07385e873e78,b2bf740a25585702b4c49026df1ddde4c10bb8e20ad99f549240a368aa1f7c97,400,10,152997,1884004,0.095623125,0.7503501998726279,mdpforge_vi,1,0,0.99,0.001,1,0.21750839985907078,0.6158835999667645,60,60,100000,256,9.825791494222358e-06,0.000982579149422235,success,
87e24246d32ead3dd86b6a6a,block,medium,400,"{""state_dim"": 400}",0,ae45ee7011f40495375bdbe1bfe00d693373ddb09516f7c0779f07385e873e78,b2bf740a25585702b4c49026df1ddde4c10bb8e20ad99f549240a368aa1f7c97,400,10,152997,1884004,0.095623125,0.7503501998726279,mdptoolbox_vi,1,0,0.99,0.001,1,0.3545979999471456,0.7508103000000119,60,60,100000,256,4.5649358071386814e-08,4.564935807138677e-06,success,
87e24246d32ead3dd86b6a6a,block,medium,400,"{""state_dim"": 400}",0,ae45ee7011f40495375bdbe1bfe00d693373ddb09516f7c0779f07385e873e78,b2bf740a25585702b4c49026df1ddde4c10bb8e20ad99f549240a368aa1f7c97,400,10,152997,1884004,0.095623125,0.7503501998726279,marmote_vi,1,0,0.99,0.001,1,1.3851276000496,1.8104751000646502,60,60,100000,256,1.0913936421275139e-11,1.0913936421275129e-09,success,
87e24246d32ead3dd86b6a6a,block,medium,400,"{""state_dim"": 400}",0,ae45ee7011f40495375bdbe1bfe00d693373ddb09516f7c0779f07385e873e78,b2bf740a25585702b4c49026df1ddde4c10bb8e20ad99f549240a368aa1f7c97,400,10,152997,1884004,0.095623125,0.7503501998726279,mdpsolver_vi,1,0,0.99,0.001,1,1.3992079000454396,2.0730304999742657,60,60,100000,256,4.2800820665434e-08,4.280082066543397e-06,success,
2bc35f43e94e0ffca9387766,block,large,1200,"{""state_dim"": 1200}",0,ae45ee7011f40495375bdbe1bfe00d693373ddb09516f7c0779f07385e873e78,96c45d0a13b01491e56a6a89f5729eeb40cb90e8a5959897be0df0c8f97eff4c,1200,10,1352596,16375192,0.09393027777777778,6.463307600002736,mdpforge_vi,1,0,0.99,0.001,1,1.8664790999609977,2.460392399923876,60,60,100000,256,9.866482287179679e-06,0.000986648228717967,success,
2bc35f43e94e0ffca9387766,block,large,1200,"{""state_dim"": 1200}",0,ae45ee7011f40495375bdbe1bfe00d693373ddb09516f7c0779f07385e873e78,96c45d0a13b01491e56a6a89f5729eeb40cb90e8a5959897be0df0c8f97eff4c,1200,10,1352596,16375192,0.09393027777777778,6.463307600002736,mdptoolbox_vi,1,0,0.99,0.001,1,4.208729899954051,4.787685200106353,60,60,100000,256,4.348112270236015e-08,4.348112270236011e-06,success,
2bc35f43e94e0ffca9387766,block,large,1200,"{""state_dim"": 1200}",0,ae45ee7011f40495375bdbe1bfe00d693373ddb09516f7c0779f07385e873e78,96c45d0a13b01491e56a6a89f5729eeb40cb90e8a5959897be0df0c8f97eff4c,1200,10,1352596,16375192,0.09393027777777778,6.463307600002736,marmote_vi,1,0,0.99,0.001,1,19.418541699880734,20.083140299888328,60,60,100000,256,7.275957614183426e-11,7.275957614183419e-09,success,
2bc35f43e94e0ffca9387766,block,large,1200,"{""state_dim"": 1200}",0,ae45ee7011f40495375bdbe1bfe00d693373ddb09516f7c0779f07385e873e78,96c45d0a13b01491e56a6a89f5729eeb40cb90e8a5959897be0df0c8f97eff4c,1200,10,1352596,16375192,0.09393027777777778,6.463307600002736,mdpsolver_vi,1,0,0.99,0.001,1,14.989404099993408,15.645438799867406,60,60,100000,256,3.944296622648835e-08,3.944296622648832e-06,success,
9ad2083dd2883c7c102256eb,blocks_world,small,96,"{""state_dim"": 96}",0,f4083caa1ab6b4b78bb6d9e858e4d4a72d33fb55bec3467f7d63fbe366dd8e6f,f412d370a1779490c88d9fd315e12d2eb3a5477d3de6f810163f14807984caeb,96,6,576,13848,0.010416666666666666,0.0027433999348431826,mdpforge_vi,1,0,0.99,0.001,1,0.047982499934732914,0.5922902999445796,60,60,100000,256,9.852993656522813e-06,0.0009852993656522804,success,
9ad2083dd2883c7c102256eb,blocks_world,small,96,"{""state_dim"": 96}",0,f4083caa1ab6b4b78bb6d9e858e4d4a72d33fb55bec3467f7d63fbe366dd8e6f,f412d370a1779490c88d9fd315e12d2eb3a5477d3de6f810163f14807984caeb,96,6,576,13848,0.010416666666666666,0.0027433999348431826,mdptoolbox_vi,1,0,0.99,0.001,1,0.08924139989539981,0.6053651000838727,60,60,100000,256,4.986802082385111e-08,4.986802082385107e-06,success,
9ad2083dd2883c7c102256eb,blocks_world,small,96,"{""state_dim"": 96}",0,f4083caa1ab6b4b78bb6d9e858e4d4a72d33fb55bec3467f7d63fbe366dd8e6f,f412d370a1779490c88d9fd315e12d2eb3a5477d3de6f810163f14807984caeb,96,6,576,13848,0.010416666666666666,0.0027433999348431826,marmote_vi,1,0,0.99,0.001,1,0.010722599923610687,0.5097936999518424,60,60,100000,256,2.4925896013883175e-08,2.4925896013883154e-06,success,
9ad2083dd2883c7c102256eb,blocks_world,small,96,"{""state_dim"": 96}",0,f4083caa1ab6b4b78bb6d9e858e4d4a72d33fb55bec3467f7d63fbe366dd8e6f,f412d370a1779490c88d9fd315e12d2eb3a5477d3de6f810163f14807984caeb,96,6,576,13848,0.010416666666666666,0.0027433999348431826,mdpsolver_vi,1,0,0.99,0.001,1,0.012421799823641777,0.5235989999491721,60,60,100000,256,4.936934772103996e-08,4.9369347721039915e-06,success,
a219c3a7c6a6577423381d8d,blocks_world,medium,,"{""state_dim"": null}",0,f4083caa1ab6b4b78bb6d9e858e4d4a72d33fb55bec3467f7d63fbe366dd8e6f,,,,,,,,,,,0.99,0.001,1,,,60,60,100000,256,,,unavailable_size,No distinct usable size specified for this recipe
a28f62ad99b6c92a4cc5c73e,blocks_world,large,,"{""state_dim"": null}",0,f4083caa1ab6b4b78bb6d9e858e4d4a72d33fb55bec3467f7d63fbe366dd8e6f,,,,,,,,,,,0.99,0.001,1,,,60,60,100000,256,,,unavailable_size,No distinct usable size specified for this recipe
478f17b286fa149194a2772a,car_rental,small,625,"{""state_dim"": 625}",0,792c92db809683d5634cbc175a4c1c1199672b0f9260d037c412c59818e00a31,78173217e9a5e8cb0b49dc9f7b67117d5eae12f17dfec075d6f37cb569c13f7d,25,9,5625,70236,1.0,0.06732530007138848,mdpforge_vi,1,0,0.99,0.001,1,0.08225300000049174,0.6082727999892086,60,60,100000,256,9.898823009280022e-06,0.0009898823009280014,success,
478f17b286fa149194a2772a,car_rental,small,625,"{""state_dim"": 625}",0,792c92db809683d5634cbc175a4c1c1199672b0f9260d037c412c59818e00a31,78173217e9a5e8cb0b49dc9f7b67117d5eae12f17dfec075d6f37cb569c13f7d,25,9,5625,70236,1.0,0.06732530007138848,mdptoolbox_vi,1,0,0.99,0.001,1,0.015268899966031313,0.5316546000540257,60,60,100000,256,2.8439899324439466e-09,2.843989932443944e-07,success,
478f17b286fa149194a2772a,car_rental,small,625,"{""state_dim"": 625}",0,792c92db809683d5634cbc175a4c1c1199672b0f9260d037c412c59818e00a31,78173217e9a5e8cb0b49dc9f7b67117d5eae12f17dfec075d6f37cb569c13f7d,25,9,5625,70236,1.0,0.06732530007138848,marmote_vi,1,0,0.99,0.001,1,0.051873600110411644,0.6576072000898421,60,60,100000,256,1.8189894035458565e-12,1.818989403545855e-10,success,
478f17b286fa149194a2772a,car_rental,small,625,"{""state_dim"": 625}",0,792c92db809683d5634cbc175a4c1c1199672b0f9260d037c412c59818e00a31,78173217e9a5e8cb0b49dc9f7b67117d5eae12f17dfec075d6f37cb569c13f7d,25,9,5625,70236,1.0,0.06732530007138848,mdpsolver_vi,1,0,0.99,0.001,1,0.042326100170612335,0.5379464998841286,60,60,100000,256,5.647962098009884e-10,5.647962098009879e-08,success,
f5d71f835b3cacba0bbf1fed,car_rental,medium,4096,"{""state_dim"": 4096}",0,792c92db809683d5634cbc175a4c1c1199672b0f9260d037c412c59818e00a31,342ac3c60450449753428df043a172c4875f6acc6e065d68c9d5463800422269,64,9,36864,449316,1.0,0.5220373999327421,mdpforge_vi,1,0,0.99,0.001,1,0.10936010000295937,0.7601131999399513,60,60,100000,256,9.812823009269778e-06,0.000981282300926977,success,
f5d71f835b3cacba0bbf1fed,car_rental,medium,4096,"{""state_dim"": 4096}",0,792c92db809683d5634cbc175a4c1c1199672b0f9260d037c412c59818e00a31,342ac3c60450449753428df043a172c4875f6acc6e065d68c9d5463800422269,64,9,36864,449316,1.0,0.5220373999327421,mdptoolbox_vi,1,0,0.99,0.001,1,0.048778200056403875,0.6557752001099288,60,60,100000,256,2.4038854462560266e-08,2.4038854462560245e-06,success,
f5d71f835b3cacba0bbf1fed,car_rental,medium,4096,"{""state_dim"": 4096}",0,792c92db809683d5634cbc175a4c1c1199672b0f9260d037c412c59818e00a31,342ac3c60450449753428df043a172c4875f6acc6e065d68c9d5463800422269,64,9,36864,449316,1.0,0.5220373999327421,marmote_vi,1,0,0.99,0.001,1,0.35275479988195,0.9517284000758082,60,60,100000,256,5.4569682106375694e-12,5.456968210637564e-10,success,
f5d71f835b3cacba0bbf1fed,car_rental,medium,4096,"{""state_dim"": 4096}",0,792c92db809683d5634cbc175a4c1c1199672b0f9260d037c412c59818e00a31,342ac3c60450449753428df043a172c4875f6acc6e065d68c9d5463800422269,64,9,36864,449316,1.0,0.5220373999327421,mdpsolver_vi,1,0,0.99,0.001,1,0.28463770006783307,0.8155139998998493,60,60,100000,256,1.1707015801221132e-08,1.1707015801221122e-06,success,
0473d8cdf52ce0b785b27675,car_rental,large,20736,"{""state_dim"": 20736}",0,792c92db809683d5634cbc175a4c1c1199672b0f9260d037c412c59818e00a31,2f6d3dff69e62d42d978b77eb94b284f84683d915a2aa1723a36ba7ae9480903,144,9,186624,2255076,1.0,2.3619639000389725,mdpforge_vi,1,0,0.99,0.001,1,0.1925924001261592,0.7074408999178559,60,60,100000,256,9.844069609243888e-06,0.000984406960924388,success,
0473d8cdf52ce0b785b27675,car_rental,large,20736,"{""state_dim"": 20736}",0,792c92db809683d5634cbc175a4c1c1199672b0f9260d037c412c59818e00a31,2f6d3dff69e62d42d978b77eb94b284f84683d915a2aa1723a36ba7ae9480903,144,9,186624,2255076,1.0,2.3619639000389725,mdptoolbox_vi,1,0,0.99,0.001,1,0.11763110011816025,0.6204526999499649,60,60,100000,256,2.4333530745934695e-08,2.4333530745934674e-06,success,
0473d8cdf52ce0b785b27675,car_rental,large,20736,"{""state_dim"": 20736}",0,792c92db809683d5634cbc175a4c1c1199672b0f9260d037c412c59818e00a31,2f6d3dff69e62d42d978b77eb94b284f84683d915a2aa1723a36ba7ae9480903,144,9,186624,2255076,1.0,2.3619639000389725,marmote_vi,1,0,0.99,0.001,1,1.722507799975574,2.282447500154376,60,60,100000,256,9.094947017729282e-12,9.094947017729274e-10,success,
0473d8cdf52ce0b785b27675,car_rental,large,20736,"{""state_dim"": 20736}",0,792c92db809683d5634cbc175a4c1c1199672b0f9260d037c412c59818e00a31,2f6d3dff69e62d42d978b77eb94b284f84683d915a2aa1723a36ba7ae9480903,144,9,186624,2255076,1.0,2.3619639000389725,mdpsolver_vi,1,0,0.99,0.001,1,1.4449487999081612,1.9756446999963373,60,60,100000,256,1.6410922398790717e-08,1.6410922398790702e-06,success,
a119a0a58f385ba486e7b8ae,cartpole,small,100,"{""state_dim"": 100}",0,fcfb565b295e740478a262ccc435858bf9c48188964bae22b402698cd280dc39,a60984d848ef3c405045718a7778663cbea0aeb6b468126094153e2dcb7d7d32,256,2,512,12296,0.00390625,0.007810299983248115,mdpforge_vi,1,0,0.99,0.001,1,0.02355640009045601,0.5756341000087559,60,60,100000,256,9.852993656522813e-06,0.0009852993656522804,success,
a119a0a58f385ba486e7b8ae,cartpole,small,100,"{""state_dim"": 100}",0,fcfb565b295e740478a262ccc435858bf9c48188964bae22b402698cd280dc39,a60984d848ef3c405045718a7778663cbea0aeb6b468126094153e2dcb7d7d32,256,2,512,12296,0.00390625,0.007810299983248115,mdptoolbox_vi,1,0,0.99,0.001,1,7.71000050008297e-05,0.6647477000951767,60,60,100000,256,,,error,AssertionError: MDPToolbox VI requires nonconstant maximum immediate rewards across states
a119a0a58f385ba486e7b8ae,cartpole,small,100,"{""state_dim"": 100}",0,fcfb565b295e740478a262ccc435858bf9c48188964bae22b402698cd280dc39,a60984d848ef3c405045718a7778663cbea0aeb6b468126094153e2dcb7d7d32,256,2,512,12296,0.00390625,0.007810299983248115,marmote_vi,1,0,0.99,0.001,1,0.009969600010663271,0.6330944001674652,60,60,100000,256,0.0,0.0,success,
a119a0a58f385ba486e7b8ae,cartpole,small,100,"{""state_dim"": 100}",0,fcfb565b295e740478a262ccc435858bf9c48188964bae22b402698cd280dc39,a60984d848ef3c405045718a7778663cbea0aeb6b468126094153e2dcb7d7d32,256,2,512,12296,0.00390625,0.007810299983248115,mdpsolver_vi,1,0,0.99,0.001,1,0.004694599891081452,0.6628185999579728,60,60,100000,256,0.0,0.0,success,
51557a3c1d1e485df3cd45b2,cartpole,medium,1000,"{""state_dim"": 1000}",0,fcfb565b295e740478a262ccc435858bf9c48188964bae22b402698cd280dc39,33a560cbfc96ce937c63eeced81a2987c57c282a4484472ed79c94b32b4e217b,625,2,1250,30008,0.0016,0.024679800029844046,mdpforge_vi,1,0,0.99,0.001,1,0.03499670000746846,0.6527151002082974,60,60,100000,256,9.852993656522813e-06,0.0009852993656522804,success,
51557a3c1d1e485df3cd45b2,cartpole,medium,1000,"{""state_dim"": 1000}",0,fcfb565b295e740478a262ccc435858bf9c48188964bae22b402698cd280dc39,33a560cbfc96ce937c63eeced81a2987c57c282a4484472ed79c94b32b4e217b,625,2,1250,30008,0.0016,0.024679800029844046,mdptoolbox_vi,1,0,0.99,0.001,1,8.17000400274992e-05,0.6366699000354856,60,60,100000,256,,,error,AssertionError: MDPToolbox VI requires nonconstant maximum immediate rewards across states
51557a3c1d1e485df3cd45b2,cartpole,medium,1000,"{""state_dim"": 1000}",0,fcfb565b295e740478a262ccc435858bf9c48188964bae22b402698cd280dc39,33a560cbfc96ce937c63eeced81a2987c57c282a4484472ed79c94b32b4e217b,625,2,1250,30008,0.0016,0.024679800029844046,marmote_vi,1,0,0.99,0.001,1,0.030811999924480915,0.6131744000595063,60,60,100000,256,0.0,0.0,success,
51557a3c1d1e485df3cd45b2,cartpole,medium,1000,"{""state_dim"": 1000}",0,fcfb565b295e740478a262ccc435858bf9c48188964bae22b402698cd280dc39,33a560cbfc96ce937c63eeced81a2987c57c282a4484472ed79c94b32b4e217b,625,2,1250,30008,0.0016,0.024679800029844046,mdpsolver_vi,1,0,0.99,0.001,1,0.01712790015153587,0.6172374999150634,60,60,100000,256,0.0,0.0,success,
382f501dc64405b4b3191caa,cartpole,large,5000,"{""state_dim"": 5000}",0,fcfb565b295e740478a262ccc435858bf9c48188964bae22b402698cd280dc39,e45af01e0f0b40b792a6d9887cf74407e286c49f59e0db8bf219972536884972,4096,2,8192,196616,0.000244140625,0.14924350008368492,mdpforge_vi,1,0,0.99,0.001,1,0.11786350002512336,0.7054330999962986,60,60,100000,256,9.852993656522813e-06,0.0009852993656522804,success,
382f501dc64405b4b3191caa,cartpole,large,5000,"{""state_dim"": 5000}",0,fcfb565b295e740478a262ccc435858bf9c48188964bae22b402698cd280dc39,e45af01e0f0b40b792a6d9887cf74407e286c49f59e0db8bf219972536884972,4096,2,8192,196616,0.000244140625,0.14924350008368492,mdptoolbox_vi,1,0,0.99,0.001,1,0.00014739995822310448,0.5669558001682162,60,60,100000,256,,,error,AssertionError: MDPToolbox VI requires nonconstant maximum immediate rewards across states
382f501dc64405b4b3191caa,cartpole,large,5000,"{""state_dim"": 5000}",0,fcfb565b295e740478a262ccc435858bf9c48188964bae22b402698cd280dc39,e45af01e0f0b40b792a6d9887cf74407e286c49f59e0db8bf219972536884972,4096,2,8192,196616,0.000244140625,0.14924350008368492,marmote_vi,1,0,0.99,0.001,1,0.15224419999867678,0.7547710000071675,60,60,100000,256,0.0,0.0,success,
382f501dc64405b4b3191caa,cartpole,large,5000,"{""state_dim"": 5000}",0,fcfb565b295e740478a262ccc435858bf9c48188964bae22b402698cd280dc39,e45af01e0f0b40b792a6d9887cf74407e286c49f59e0db8bf219972536884972,4096,2,8192,196616,0.000244140625,0.14924350008368492,mdpsolver_vi,1,0,0.99,0.001,1,0.06715349992737174,0.7366136000491679,60,60,100000,256,0.0,0.0,success,
5ccac368bfa30e2e90355fc9,chain_walk,small,100,"{""state_dim"": 100}",0,af23104961c0a358603b793e11344b449fd1d0b5169d6a578325bf4c29ddf68f,a538af5724b4a389470c291d28bceb55db4e92b801e31e875819e5ed1c7c074c,100,2,400,7208,0.02,0.007808299968019128,mdpforge_vi,1,0,0.99,0.001,1,0.019782799994572997,0.567227799911052,60,60,100000,256,9.880828194752667e-06,0.0009880828194752658,success,
5ccac368bfa30e2e90355fc9,chain_walk,small,100,"{""state_dim"": 100}",0,af23104961c0a358603b793e11344b449fd1d0b5169d6a578325bf4c29ddf68f,a538af5724b4a389470c291d28bceb55db4e92b801e31e875819e5ed1c7c074c,100,2,400,7208,0.02,0.007808299968019128,mdptoolbox_vi,1,0,0.99,0.001,1,0.01574179995805025,0.5641041998751462,60,60,100000,256,2.8569743903972267e-08,2.856974390397224e-06,success,
5ccac368bfa30e2e90355fc9,chain_walk,small,100,"{""state_dim"": 100}",0,af23104961c0a358603b793e11344b449fd1d0b5169d6a578325bf4c29ddf68f,a538af5724b4a389470c291d28bceb55db4e92b801e31e875819e5ed1c7c074c,100,2,400,7208,0.02,0.007808299968019128,marmote_vi,1,0,0.99,0.001,1,0.005973000079393387,0.5340869000647217,60,60,100000,256,5.684341886080802e-14,5.684341886080797e-12,success,
5ccac368bfa30e2e90355fc9,chain_walk,small,100,"{""state_dim"": 100}",0,af23104961c0a358603b793e11344b449fd1d0b5169d6a578325bf4c29ddf68f,a538af5724b4a389470c291d28bceb55db4e92b801e31e875819e5ed1c7c074c,100,2,400,7208,0.02,0.007808299968019128,mdpsolver_vi,1,0,0.99,0.001,1,0.0036552001256495714,0.5201781999785453,60,60,100000,256,1.2174183439128683e-08,1.2174183439128672e-06,success,
41885059be5b7c4522e88cb2,chain_walk,medium,1000,"{""state_dim"": 1000}",0,af23104961c0a358603b793e11344b449fd1d0b5169d6a578325bf4c29ddf68f,3886af92c156465d257acc502aa8e821df2b077e688effab824824121e61a588,1000,2,4000,72008,0.002,0.062274600146338344,mdpforge_vi,1,0,0.99,0.001,1,0.04267950006760657,0.5381695998366922,60,60,100000,256,9.880828194752667e-06,0.0009880828194752658,success,
41885059be5b7c4522e88cb2,chain_walk,medium,1000,"{""state_dim"": 1000}",0,af23104961c0a358603b793e11344b449fd1d0b5169d6a578325bf4c29ddf68f,3886af92c156465d257acc502aa8e821df2b077e688effab824824121e61a588,1000,2,4000,72008,0.002,0.062274600146338344,mdptoolbox_vi,1,0,0.99,0.001,1,0.2018860001116991,0.7719306999351829,60,60,100000,256,4.564203237578113e-08,4.5642032375781085e-06,success,
41885059be5b7c4522e88cb2,chain_walk,medium,1000,"{""state_dim"": 1000}",0,af23104961c0a358603b793e11344b449fd1d0b5169d6a578325bf4c29ddf68f,3886af92c156465d257acc502aa8e821df2b077e688effab824824121e61a588,1000,2,4000,72008,0.002,0.062274600146338344,marmote_vi,1,0,0.99,0.001,1,0.06271290010772645,0.6195020000450313,60,60,100000,256,5.684341886080802e-14,5.684341886080797e-12,success,
41885059be5b7c4522e88cb2,chain_walk,medium,1000,"{""state_dim"": 1000}",0,af23104961c0a358603b793e11344b449fd1d0b5169d6a578325bf4c29ddf68f,3886af92c156465d257acc502aa8e821df2b077e688effab824824121e61a588,1000,2,4000,72008,0.002,0.062274600146338344,mdpsolver_vi,1,0,0.99,0.001,1,0.05078990012407303,0.6926796999759972,60,60,100000,256,3.2168166796964215e-08,3.2168166796964185e-06,success,
e27cd15c56b0633530eb36d1,chain_walk,large,5000,"{""state_dim"": 5000}",0,af23104961c0a358603b793e11344b449fd1d0b5169d6a578325bf4c29ddf68f,dc31ff0c4ef2e855977147975fcdcc942ac1d04c25b1d5608111206b2efdde68,5000,2,20000,360008,0.0004,0.3526317998766899,mdpforge_vi,1,0,0.99,0.001,1,0.12592670018784702,0.6368911999743432,60,60,100000,256,9.880828194752667e-06,0.0009880828194752658,success,
e27cd15c56b0633530eb36d1,chain_walk,large,5000,"{""state_dim"": 5000}",0,af23104961c0a358603b793e11344b449fd1d0b5169d6a578325bf4c29ddf68f,dc31ff0c4ef2e855977147975fcdcc942ac1d04c25b1d5608111206b2efdde68,5000,2,20000,360008,0.0004,0.3526317998766899,mdptoolbox_vi,1,0,0.99,0.001,1,2.115563499974087,2.6181523001287133,60,60,100000,256,4.9508830812783344e-08,4.95088308127833e-06,success,
e27cd15c56b0633530eb36d1,chain_walk,large,5000,"{""state_dim"": 5000}",0,af23104961c0a358603b793e11344b449fd1d0b5169d6a578325bf4c29ddf68f,dc31ff0c4ef2e855977147975fcdcc942ac1d04c25b1d5608111206b2efdde68,5000,2,20000,360008,0.0004,0.3526317998766899,marmote_vi,1,0,0.99,0.001,1,0.2953902001027018,0.9376745000481606,60,60,100000,256,2.4996325009851716e-08,2.4996325009851695e-06,success,
e27cd15c56b0633530eb36d1,chain_walk,large,5000,"{""state_dim"": 5000}",0,af23104961c0a358603b793e11344b449fd1d0b5169d6a578325bf4c29ddf68f,dc31ff0c4ef2e855977147975fcdcc942ac1d04c25b1d5608111206b2efdde68,5000,2,20000,360008,0.0004,0.3526317998766899,mdpsolver_vi,1,0,0.99,0.001,1,0.3542730000335723,1.0256038999650627,60,60,100000,256,4.90137423980741e-08,4.901374239807406e-06,success,
61ce3888d4824607b441caa6,cliff,small,100,"{""state_dim"": 100}",0,7fd9a9962fcfabb7b71c6cd30763c7f8f59d7d9059280d701d74a62368560f68,8c67e9937125d2e876e45afd4818991e81a4ecbee0855c0b20860e2d1ea803cf,75,4,300,6016,0.013333333333333334,0.0037911999970674515,mdpforge_vi,1,0,0.99,0.001,1,0.0007639999967068434,0.6226840000599623,60,60,100000,256,0.0,0.0,success,
61ce3888d4824607b441caa6,cliff,small,100,"{""state_dim"": 100}",0,7fd9a9962fcfabb7b71c6cd30763c7f8f59d7d9059280d701d74a62368560f68,8c67e9937125d2e876e45afd4818991e81a4ecbee0855c0b20860e2d1ea803cf,75,4,300,6016,0.013333333333333334,0.0037911999970674515,mdptoolbox_vi,1,0,0.99,0.001,1,0.02049349993467331,0.6001893999055028,60,60,100000,256,0.0,0.0,success,
61ce3888d4824607b441caa6,cliff,small,100,"{""state_dim"": 100}",0,7fd9a9962fcfabb7b71c6cd30763c7f8f59d7d9059280d701d74a62368560f68,8c67e9937125d2e876e45afd4818991e81a4ecbee0855c0b20860e2d1ea803cf,75,4,300,6016,0.013333333333333334,0.0037911999970674515,marmote_vi,1,0,0.99,0.001,1,0.003530000103637576,0.6374477001372725,60,60,100000,256,0.0,0.0,success,
61ce3888d4824607b441caa6,cliff,small,100,"{""state_dim"": 100}",0,7fd9a9962fcfabb7b71c6cd30763c7f8f59d7d9059280d701d74a62368560f68,8c67e9937125d2e876e45afd4818991e81a4ecbee0855c0b20860e2d1ea803cf,75,4,300,6016,0.013333333333333334,0.0037911999970674515,mdpsolver_vi,1,0,0.99,0.001,1,0.003318500006571412,0.596865399973467,60,60,100000,256,4.618527782440651e-14,4.618527782440647e-12,success,
e45a1014d0db159d7f07d84d,cliff,medium,1000,"{""state_dim"": 1000}",0,7fd9a9962fcfabb7b71c6cd30763c7f8f59d7d9059280d701d74a62368560f68,a69684ffae6dea44a6fea53fd2f120dbb298615f80c8bcfea3810e654b894aec,972,4,3888,77776,0.00102880658436214,0.024439699947834015,mdpforge_vi,1,0,0.99,0.001,1,0.003329299855977297,0.4551478000357747,60,60,100000,256,0.0,0.0,success,
e45a1014d0db159d7f07d84d,cliff,medium,1000,"{""state_dim"": 1000}",0,7fd9a9962fcfabb7b71c6cd30763c7f8f59d7d9059280d701d74a62368560f68,a69684ffae6dea44a6fea53fd2f120dbb298615f80c8bcfea3810e654b894aec,972,4,3888,77776,0.00102880658436214,0.024439699947834015,mdptoolbox_vi,1,0,0.99,0.001,1,0.25170749984681606,0.667854700004682,60,60,100000,256,0.0,0.0,success,
e45a1014d0db159d7f07d84d,cliff,medium,1000,"{""state_dim"": 1000}",0,7fd9a9962fcfabb7b71c6cd30763c7f8f59d7d9059280d701d74a62368560f68,a69684ffae6dea44a6fea53fd2f120dbb298615f80c8bcfea3810e654b894aec,972,4,3888,77776,0.00102880658436214,0.024439699947834015,marmote_vi,1,0,0.99,0.001,1,0.03158490010537207,0.4183173000346869,60,60,100000,256,0.0,0.0,success,
e45a1014d0db159d7f07d84d,cliff,medium,1000,"{""state_dim"": 1000}",0,7fd9a9962fcfabb7b71c6cd30763c7f8f59d7d9059280d701d74a62368560f68,a69684ffae6dea44a6fea53fd2f120dbb298615f80c8bcfea3810e654b894aec,972,4,3888,77776,0.00102880658436214,0.024439699947834015,mdpsolver_vi,1,0,0.99,0.001,1,0.02919350005686283,0.40811490011401474,60,60,100000,256,8.526512829121202e-14,8.526512829121194e-12,success,
7c40e48ddbe68a8b1be43ed8,cliff,large,5000,"{""state_dim"": 5000}",0,7fd9a9962fcfabb7b71c6cd30763c7f8f59d7d9059280d701d74a62368560f68,cffd975b507757564eab7ded6f0902393ab2e96a4a4540aaf7bdb4a9ecfb5ed6,4800,4,19200,384016,0.00020833333333333335,0.1133218000177294,mdpforge_vi,1,0,0.99,0.001,1,0.01962219993583858,0.4083602998871356,60,60,100000,256,0.0,0.0,success,
7c40e48ddbe68a8b1be43ed8,cliff,large,5000,"{""state_dim"": 5000}",0,7fd9a9962fcfabb7b71c6cd30763c7f8f59d7d9059280d701d74a62368560f68,cffd975b507757564eab7ded6f0902393ab2e96a4a4540aaf7bdb4a9ecfb5ed6,4800,4,19200,384016,0.00020833333333333335,0.1133218000177294,mdptoolbox_vi,1,0,0.99,0.001,1,2.8503529999870807,3.2360630000475794,60,60,100000,256,0.0,0.0,success,
7c40e48ddbe68a8b1be43ed8,cliff,large,5000,"{""state_dim"": 5000}",0,7fd9a9962fcfabb7b71c6cd30763c7f8f59d7d9059280d701d74a62368560f68,cffd975b507757564eab7ded6f0902393ab2e96a4a4540aaf7bdb4a9ecfb5ed6,4800,4,19200,384016,0.00020833333333333335,0.1133218000177294,marmote_vi,1,0,0.99,0.001,1,0.16106919990852475,0.5480655999854207,60,60,100000,256,0.0,0.0,success,
7c40e48ddbe68a8b1be43ed8,cliff,large,5000,"{""state_dim"": 5000}",0,7fd9a9962fcfabb7b71c6cd30763c7f8f59d7d9059280d701d74a62368560f68,cffd975b507757564eab7ded6f0902393ab2e96a4a4540aaf7bdb4a9ecfb5ed6,4800,4,19200,384016,0.00020833333333333335,0.1133218000177294,mdpsolver_vi,1,0,0.99,0.001,1,0.15866499999538064,0.544656400103122,60,60,100000,256,8.526512829121202e-14,8.526512829121194e-12,success,
61178f5f4a1980bb3ce6d401,dam,small,16,"{""state_dim"": 16}",0,20e63b83a82c8d671406a34b32544eae019987a44f2f6a9a1c60126896caabcf,d94c78fac4c373906c5f8b46de845d885e3331132ca918be4d8fe99147ec4eb3,16,4,128,2320,0.125,0.001617999980226159,mdpforge_vi,1,0,0.99,0.001,1,0.02404649998061359,0.406940900022164,60,60,100000,256,9.813297410232735e-06,0.0009813297410232727,success,
61178f5f4a1980bb3ce6d401,dam,small,16,"{""state_dim"": 16}",0,20e63b83a82c8d671406a34b32544eae019987a44f2f6a9a1c60126896caabcf,d94c78fac4c373906c5f8b46de845d885e3331132ca918be4d8fe99147ec4eb3,16,4,128,2320,0.125,0.001617999980226159,mdptoolbox_vi,1,0,0.99,0.001,1,0.004562699934467673,0.3862348000984639,60,60,100000,256,3.184300112479832e-08,3.184300112479829e-06,success,
61178f5f4a1980bb3ce6d401,dam,small,16,"{""state_dim"": 16}",0,20e63b83a82c8d671406a34b32544eae019987a44f2f6a9a1c60126896caabcf,d94c78fac4c373906c5f8b46de845d885e3331132ca918be4d8fe99147ec4eb3,16,4,128,2320,0.125,0.001617999980226159,marmote_vi,1,0,0.99,0.001,1,0.001972600119188428,0.38367770006880164,60,60,100000,256,1.4210854715202004e-14,1.4210854715201992e-12,success,
61178f5f4a1980bb3ce6d401,dam,small,16,"{""state_dim"": 16}",0,20e63b83a82c8d671406a34b32544eae019987a44f2f6a9a1c60126896caabcf,d94c78fac4c373906c5f8b46de845d885e3331132ca918be4d8fe99147ec4eb3,16,4,128,2320,0.125,0.001617999980226159,mdpsolver_vi,1,0,0.99,0.001,1,0.0014118999242782593,0.37252640002407134,60,60,100000,256,1.0978226328006713e-08,1.0978226328006702e-06,success,
610de60f5a436b6f3c7ff50d,dam,medium,81,"{""state_dim"": 81}",0,20e63b83a82c8d671406a34b32544eae019987a44f2f6a9a1c60126896caabcf,3331fbfcc2b39e3721435b7afe6df2c77ee4363c493d298dbfd5bf39f79d98b6,81,9,2187,35028,0.037037037037037035,0.013810300035402179,mdpforge_vi,1,0,0.99,0.001,1,0.053892800118774176,0.44338319986127317,60,60,100000,256,9.888887746001274e-06,0.0009888887746001265,success,
610de60f5a436b6f3c7ff50d,dam,medium,81,"{""state_dim"": 81}",0,20e63b83a82c8d671406a34b32544eae019987a44f2f6a9a1c60126896caabcf,3331fbfcc2b39e3721435b7afe6df2c77ee4363c493d298dbfd5bf39f79d98b6,81,9,2187,35028,0.037037037037037035,0.013810300035402179,mdptoolbox_vi,1,0,0.99,0.001,1,0.03437149990350008,0.4107450000010431,60,60,100000,256,3.504999313008739e-08,3.5049993130087357e-06,success,
610de60f5a436b6f3c7ff50d,dam,medium,81,"{""state_dim"": 81}",0,20e63b83a82c8d671406a34b32544eae019987a44f2f6a9a1c60126896caabcf,3331fbfcc2b39e3721435b7afe6df2c77ee4363c493d298dbfd5bf39f79d98b6,81,9,2187,35028,0.037037037037037035,0.013810300035402179,marmote_vi,1,0,0.99,0.001,1,0.02392329997383058,0.42231299984268844,60,60,100000,256,5.684341886080802e-14,5.684341886080797e-12,success,
610de60f5a436b6f3c7ff50d,dam,medium,81,"{""state_dim"": 81}",0,20e63b83a82c8d671406a34b32544eae019987a44f2f6a9a1c60126896caabcf,3331fbfcc2b39e3721435b7afe6df2c77ee4363c493d298dbfd5bf39f79d98b6,81,9,2187,35028,0.037037037037037035,0.013810300035402179,mdpsolver_vi,1,0,0.99,0.001,1,0.015067700063809752,0.38805879978463054,60,60,100000,256,2.197299409090192e-08,2.19729940909019e-06,success,
520552fe29f2ca298c169f76,dam,large,256,"{""state_dim"": 256}",0,20e63b83a82c8d671406a34b32544eae019987a44f2f6a9a1c60126896caabcf,2b61bbb892c2d76589da38e5b8f3de635df329a17b90e5b573968dbca4175483,256,16,8192,147520,0.0078125,0.05935610015876591,mdpforge_vi,1,0,0.99,0.001,1,0.1078439000993967,0.5145483000669628,60,60,100000,256,9.888847785077814e-06,0.0009888847785077806,success,
520552fe29f2ca298c169f76,dam,large,256,"{""state_dim"": 256}",0,20e63b83a82c8d671406a34b32544eae019987a44f2f6a9a1c60126896caabcf,2b61bbb892c2d76589da38e5b8f3de635df329a17b90e5b573968dbca4175483,256,16,8192,147520,0.0078125,0.05935610015876591,mdptoolbox_vi,1,0,0.99,0.001,1,0.19264969998039305,0.5752586000598967,60,60,100000,256,2.8923921036039246e-08,2.892392103603922e-06,success,
520552fe29f2ca298c169f76,dam,large,256,"{""state_dim"": 256}",0,20e63b83a82c8d671406a34b32544eae019987a44f2f6a9a1c60126896caabcf,2b61bbb892c2d76589da38e5b8f3de635df329a17b90e5b573968dbca4175483,256,16,8192,147520,0.0078125,0.05935610015876591,marmote_vi,1,0,0.99,0.001,1,0.11135010002180934,0.4949815000873059,60,60,100000,256,1.7053025658242404e-13,1.7053025658242388e-11,success,
520552fe29f2ca298c169f76,dam,large,256,"{""state_dim"": 256}",0,20e63b83a82c8d671406a34b32544eae019987a44f2f6a9a1c60126896caabcf,2b61bbb892c2d76589da38e5b8f3de635df329a17b90e5b573968dbca4175483,256,16,8192,147520,0.0078125,0.05935610015876591,mdpsolver_vi,1,0,0.99,0.001,1,0.058347699930891395,0.4530853000469506,60,60,100000,256,1.7119020867539803e-08,1.7119020867539788e-06,success,
09a0086a5188dca49224dc23,elevator,small,100,"{""state_dim"": 100}",0,f0a70e86c6002738363eb675bce59ab84305365f58862a5c7e52a97e1af87c38,e5a5bb3bbba3d80baabbd8edfabc8fd183191ec74458519e72a6a9861718b9f7,272,5,1424,33428,0.0038494809688581315,0.006538499845191836,mdpforge_vi,1,0,0.99,0.001,1,0.04102239990606904,0.4423906998708844,60,60,100000,256,9.846571742855303e-06,0.0009846571742855295,success,
09a0086a5188dca49224dc23,elevator,small,100,"{""state_dim"": 100}",0,f0a70e86c6002738363eb675bce59ab84305365f58862a5c7e52a97e1af87c38,e5a5bb3bbba3d80baabbd8edfabc8fd183191ec74458519e72a6a9861718b9f7,272,5,1424,33428,0.0038494809688581315,0.006538499845191836,mdptoolbox_vi,1,0,0.99,0.001,1,0.1205974998883903,0.5011584998574108,60,60,100000,256,4.983553480997216e-08,4.983553480997212e-06,success,
09a0086a5188dca49224dc23,elevator,small,100,"{""state_dim"": 100}",0,f0a70e86c6002738363eb675bce59ab84305365f58862a5c7e52a97e1af87c38,e5a5bb3bbba3d80baabbd8edfabc8fd183191ec74458519e72a6a9861718b9f7,272,5,1424,33428,0.0038494809688581315,0.006538499845191836,marmote_vi,1,0,0.99,0.001,1,0.02220020000822842,0.40760439983569086,60,60,100000,256,2.4909638796088984e-08,2.4909638796088963e-06,success,
09a0086a5188dca49224dc23,elevator,small,100,"{""state_dim"": 100}",0,f0a70e86c6002738363eb675bce59ab84305365f58862a5c7e52a97e1af87c38,e5a5bb3bbba3d80baabbd8edfabc8fd183191ec74458519e72a6a9861718b9f7,272,5,1424,33428,0.0038494809688581315,0.006538499845191836,mdpsolver_vi,1,0,0.99,0.001,1,0.02364309993572533,0.4079462999943644,60,60,100000,256,4.9337188556819456e-08,4.933718855681941e-06,success,
a5660d40275e9266aea0703f,elevator,medium,20000,"{""state_dim"": 20000}",0,f0a70e86c6002738363eb675bce59ab84305365f58862a5c7e52a97e1af87c38,de59f28bb81656fc9619303d901f8cf91ed3aab01a94bc8303c0bbbd221edb74,2176,5,11968,274196,0.000505514705882353,0.051535499980673194,mdpforge_vi,1,0,0.99,0.001,1,0.10282070003449917,0.4957804998848587,60,60,100000,256,9.880617653834634e-06,0.0009880617653834625,success,
a5660d40275e9266aea0703f,elevator,medium,20000,"{""state_dim"": 20000}",0,f0a70e86c6002738363eb675bce59ab84305365f58862a5c7e52a97e1af87c38,de59f28bb81656fc9619303d901f8cf91ed3aab01a94bc8303c0bbbd221edb74,2176,5,11968,274196,0.000505514705882353,0.051535499980673194,mdptoolbox_vi,1,0,0.99,0.001,1,1.1136348000727594,1.508244999917224,60,60,100000,256,4.950777920953442e-08,4.950777920953438e-06,success,
a5660d40275e9266aea0703f,elevator,medium,20000,"{""state_dim"": 20000}",0,f0a70e86c6002738363eb675bce59ab84305365f58862a5c7e52a97e1af87c38,de59f28bb81656fc9619303d901f8cf91ed3aab01a94bc8303c0bbbd221edb74,2176,5,11968,274196,0.000505514705882353,0.051535499980673194,marmote_vi,1,0,0.99,0.001,1,0.18848340003751218,0.5909921999555081,60,60,100000,256,2.4995760128376787e-08,2.4995760128376766e-06,success,
a5660d40275e9266aea0703f,elevator,medium,20000,"{""state_dim"": 20000}",0,f0a70e86c6002738363eb675bce59ab84305365f58862a5c7e52a97e1af87c38,de59f28bb81656fc9619303d901f8cf91ed3aab01a94bc8303c0bbbd221edb74,2176,5,11968,274196,0.000505514705882353,0.051535499980673194,mdpsolver_vi,1,0,0.99,0.001,1,0.20474530011415482,0.5969138001091778,60,60,100000,256,4.901267658397046e-08,4.901267658397042e-06,success,
710a8170348286b2e134d828,elevator,large,,"{""state_dim"": null}",0,f0a70e86c6002738363eb675bce59ab84305365f58862a5c7e52a97e1af87c38,,,,,,,,,,,0.99,0.001,1,,,60,60,100000,256,,,unavailable_size,No distinct usable size specified for this recipe
7cc4c27e7ba43ee25daac941,forest,small,100,"{""state_dim"": 100}",0,d20bb8e3688202cf53cdd8075dc1c06d339dadafc8f69ed23de6f36eb0090c76,dfcae7920830870aa75cb19bf10d8c5c24e4aab5953ce2ad645825b4b9d53c89,100,2,300,6008,0.015,0.0009996998123824596,mdpforge_vi,1,0,0.99,0.001,1,0.016123399836942554,0.40112549997866154,60,60,100000,256,9.85361700145404e-06,0.0009853617001454032,success,
7cc4c27e7ba43ee25daac941,forest,small,100,"{""state_dim"": 100}",0,d20bb8e3688202cf53cdd8075dc1c06d339dadafc8f69ed23de6f36eb0090c76,dfcae7920830870aa75cb19bf10d8c5c24e4aab5953ce2ad645825b4b9d53c89,100,2,300,6008,0.015,0.0009996998123824596,mdptoolbox_vi,1,0,0.99,0.001,1,0.011690200073644519,0.39125810004770756,60,60,100000,256,4.263256414560601e-14,4.263256414560597e-12,success,
7cc4c27e7ba43ee25daac941,forest,small,100,"{""state_dim"": 100}",0,d20bb8e3688202cf53cdd8075dc1c06d339dadafc8f69ed23de6f36eb0090c76,dfcae7920830870aa75cb19bf10d8c5c24e4aab5953ce2ad645825b4b9d53c89,100,2,300,6008,0.015,0.0009996998123824596,marmote_vi,1,0,0.99,0.001,1,0.004330999916419387,0.4012871999293566,60,60,100000,256,5.684341886080802e-14,5.684341886080797e-12,success,
7cc4c27e7ba43ee25daac941,forest,small,100,"{""state_dim"": 100}",0,d20bb8e3688202cf53cdd8075dc1c06d339dadafc8f69ed23de6f36eb0090c76,dfcae7920830870aa75cb19bf10d8c5c24e4aab5953ce2ad645825b4b9d53c89,100,2,300,6008,0.015,0.0009996998123824596,mdpsolver_vi,1,0,0.99,0.001,1,0.0025707001332193613,0.37940209987573326,60,60,100000,256,5.684341886080802e-14,5.684341886080797e-12,success,
fe27f91c72161061efb80e85,forest,medium,1000,"{""state_dim"": 1000}",0,d20bb8e3688202cf53cdd8075dc1c06d339dadafc8f69ed23de6f36eb0090c76,730107a7303f6e904a2893219bece4f82882579989c6b49cf7d6dac6dada8d89,1000,2,3000,60008,0.0015,0.005841800011694431,mdpforge_vi,1,0,0.99,0.001,1,0.03437189990654588,0.42614080011844635,60,60,100000,256,9.852993713366232e-06,0.0009852993713366223,success,
fe27f91c72161061efb80e85,forest,medium,1000,"{""state_dim"": 1000}",0,d20bb8e3688202cf53cdd8075dc1c06d339dadafc8f69ed23de6f36eb0090c76,730107a7303f6e904a2893219bece4f82882579989c6b49cf7d6dac6dada8d89,1000,2,3000,60008,0.0015,0.005841800011694431,mdptoolbox_vi,1,0,0.99,0.001,1,0.13604069990105927,0.5112010999582708,60,60,100000,256,4.051587154663139e-08,4.051587154663135e-06,success,
fe27f91c72161061efb80e85,forest,medium,1000,"{""state_dim"": 1000}",0,d20bb8e3688202cf53cdd8075dc1c06d339dadafc8f69ed23de6f36eb0090c76,730107a7303f6e904a2893219bece4f82882579989c6b49cf7d6dac6dada8d89,1000,2,3000,60008,0.0015,0.005841800011694431,marmote_vi,1,0,0.99,0.001,1,0.03897179989144206,0.4326937000732869,60,60,100000,256,4.263256414560601e-14,4.263256414560597e-12,success,
fe27f91c72161061efb80e85,forest,medium,1000,"{""state_dim"": 1000}",0,d20bb8e3688202cf53cdd8075dc1c06d339dadafc8f69ed23de6f36eb0090c76,730107a7303f6e904a2893219bece4f82882579989c6b49cf7d6dac6dada8d89,1000,2,3000,60008,0.0015,0.005841800011694431,mdpsolver_vi,1,0,0.99,0.001,1,0.024014699971303344,0.40825380012393,60,60,100000,256,3.609963528106164e-08,3.6099635281061603e-06,success,
4254143db4a81db41caf35ae,forest,large,5000,"{""state_dim"": 5000}",0,d20bb8e3688202cf53cdd8075dc1c06d339dadafc8f69ed23de6f36eb0090c76,bc03b3ffd01e342e2ecaab661cf16bf09af961f75bf7544bec67fcde21a459ef,5000,2,15000,300008,0.0003,0.02845280012115836,mdpforge_vi,1,0,0.99,0.001,1,0.11254890006966889,0.5043742000125349,60,60,100000,256,9.852993713366232e-06,0.0009852993713366223,success,
4254143db4a81db41caf35ae,forest,large,5000,"{""state_dim"": 5000}",0,d20bb8e3688202cf53cdd8075dc1c06d339dadafc8f69ed23de6f36eb0090c76,bc03b3ffd01e342e2ecaab661cf16bf09af961f75bf7544bec67fcde21a459ef,5000,2,15000,300008,0.0003,0.02845280012115836,mdptoolbox_vi,1,0,0.99,0.001,1,1.5755988999735564,1.9486002998892218,60,60,100000,256,4.051585733577667e-08,4.051585733577664e-06,success,
4254143db4a81db41caf35ae,forest,large,5000,"{""state_dim"": 5000}",0,d20bb8e3688202cf53cdd8075dc1c06d339dadafc8f69ed23de6f36eb0090c76,bc03b3ffd01e342e2ecaab661cf16bf09af961f75bf7544bec67fcde21a459ef,5000,2,15000,300008,0.0003,0.02845280012115836,marmote_vi,1,0,0.99,0.001,1,0.21011559991165996,0.6997619001194835,60,60,100000,256,4.263256414560601e-14,4.263256414560597e-12,success,
4254143db4a81db41caf35ae,forest,large,5000,"{""state_dim"": 5000}",0,d20bb8e3688202cf53cdd8075dc1c06d339dadafc8f69ed23de6f36eb0090c76,bc03b3ffd01e342e2ecaab661cf16bf09af961f75bf7544bec67fcde21a459ef,5000,2,15000,300008,0.0003,0.02845280012115836,mdpsolver_vi,1,0,0.99,0.001,1,0.12645100010558963,0.6146861000452191,60,60,100000,256,3.609963528106164e-08,3.6099635281061603e-06,success,
71abf86da59b904860d784d4,frozen,small,100,"{""state_dim"": 100}",0,fd7fd518ad4c53ab1fe800673829ffb56eeda04bcd38d8bc6d3b621fca29a7d7,d0c28ce8e9d9ca1e1a39f497c65d99dcb063780536b18394b4c8b5d03c1654a3,100,4,1130,18376,0.02825,0.003695199964568019,mdpforge_vi,1,0,0.99,0.001,1,0.00531200016848743,0.4859573000576347,60,60,100000,256,9.025953567332046e-06,0.0009025953567332038,success,
71abf86da59b904860d784d4,frozen,small,100,"{""state_dim"": 100}",0,fd7fd518ad4c53ab1fe800673829ffb56eeda04bcd38d8bc6d3b621fca29a7d7,d0c28ce8e9d9ca1e1a39f497c65d99dcb063780536b18394b4c8b5d03c1654a3,100,4,1130,18376,0.02825,0.003695199964568019,mdptoolbox_vi,1,0,0.99,0.001,1,0.02867479994893074,0.5230252998881042,60,60,100000,256,4.6669819009359514e-08,4.666981900935947e-06,success,
71abf86da59b904860d784d4,frozen,small,100,"{""state_dim"": 100}",0,fd7fd518ad4c53ab1fe800673829ffb56eeda04bcd38d8bc6d3b621fca29a7d7,d0c28ce8e9d9ca1e1a39f497c65d99dcb063780536b18394b4c8b5d03c1654a3,100,4,1130,18376,0.02825,0.003695199964568019,marmote_vi,1,0,0.99,0.001,1,0.010830999817699194,0.5367055998649448,60,60,100000,256,2.2788006925900106e-08,2.2788006925900085e-06,success,
71abf86da59b904860d784d4,frozen,small,100,"{""state_dim"": 100}",0,fd7fd518ad4c53ab1fe800673829ffb56eeda04bcd38d8bc6d3b621fca29a7d7,d0c28ce8e9d9ca1e1a39f497c65d99dcb063780536b18394b4c8b5d03c1654a3,100,4,1130,18376,0.02825,0.003695199964568019,mdpsolver_vi,1,0,0.99,0.001,1,0.011156600201502442,0.5875462999101728,60,60,100000,256,4.416621790515052e-08,4.4166217905150475e-06,success,
b8cb6dfb472dfbd28f95c347,frozen,medium,1000,"{""state_dim"": 1000}",0,fd7fd518ad4c53ab1fe800673829ffb56eeda04bcd38d8bc6d3b621fca29a7d7,bb5e209f878dc2fb19a8d53acfa5ac0f874ff586f3206be282460761896a47c9,961,4,10862,176488,0.0029403771002500215,0.03929349989630282,mdpforge_vi,1,0,0.99,0.001,1,0.019353199983015656,0.532945099985227,60,60,100000,256,9.388670826268597e-06,0.0009388670826268588,success,
b8cb6dfb472dfbd28f95c347,frozen,medium,1000,"{""state_dim"": 1000}",0,fd7fd518ad4c53ab1fe800673829ffb56eeda04bcd38d8bc6d3b621fca29a7d7,bb5e209f878dc2fb19a8d53acfa5ac0f874ff586f3206be282460761896a47c9,961,4,10862,176488,0.0029403771002500215,0.03929349989630282,mdptoolbox_vi,1,0,0.99,0.001,1,0.3607059000059962,1.017065200023353,60,60,100000,256,4.785951665531307e-08,4.785951665531303e-06,success,
b8cb6dfb472dfbd28f95c347,frozen,medium,1000,"{""state_dim"": 1000}",0,fd7fd518ad4c53ab1fe800673829ffb56eeda04bcd38d8bc6d3b621fca29a7d7,bb5e209f878dc2fb19a8d53acfa5ac0f874ff586f3206be282460761896a47c9,961,4,10862,176488,0.0029403771002500215,0.03929349989630282,marmote_vi,1,0,0.99,0.001,1,0.10875519993714988,0.7722644000314176,60,60,100000,256,2.367244589240869e-08,2.3672445892408668e-06,success,
b8cb6dfb472dfbd28f95c347,frozen,medium,1000,"{""state_dim"": 1000}",0,fd7fd518ad4c53ab1fe800673829ffb56eeda04bcd38d8bc6d3b621fca29a7d7,bb5e209f878dc2fb19a8d53acfa5ac0f874ff586f3206be282460761896a47c9,961,4,10862,176488,0.0029403771002500215,0.03929349989630282,mdpsolver_vi,1,0,0.99,0.001,1,0.13383019994944334,0.8031828000675887,60,60,100000,256,4.603159384219957e-08,4.603159384219953e-06,success,
70ce9feb93d7473b16f9a8bf,frozen,large,5000,"{""state_dim"": 5000}",0,fd7fd518ad4c53ab1fe800673829ffb56eeda04bcd38d8bc6d3b621fca29a7d7,1f84d1b30f87fc11914ada70bb6def1407213b73fb7fc2baf42611bebe0ce31e,4900,4,55322,899080,0.0005760308204914619,0.210684800054878,mdpforge_vi,1,0,0.99,0.001,1,0.11365239997394383,0.8005769001320004,60,60,100000,256,9.597302287573523e-06,0.0009597302287573514,success,
70ce9feb93d7473b16f9a8bf,frozen,large,5000,"{""state_dim"": 5000}",0,fd7fd518ad4c53ab1fe800673829ffb56eeda04bcd38d8bc6d3b621fca29a7d7,1f84d1b30f87fc11914ada70bb6def1407213b73fb7fc2baf42611bebe0ce31e,4900,4,55322,899080,0.0005760308204914619,0.210684800054878,mdptoolbox_vi,1,0,0.99,0.001,1,4.565525599988177,5.090042900061235,60,60,100000,256,4.751360671573224e-08,4.7513606715732195e-06,success,
70ce9feb93d7473b16f9a8bf,frozen,large,5000,"{""state_dim"": 5000}",0,fd7fd518ad4c53ab1fe800673829ffb56eeda04bcd38d8bc6d3b621fca29a7d7,1f84d1b30f87fc11914ada70bb6def1407213b73fb7fc2baf42611bebe0ce31e,4900,4,55322,899080,0.0005760308204914619,0.210684800054878,marmote_vi,1,0,0.99,0.001,1,0.6379160000942647,1.2685148001182824,60,60,100000,256,2.4077798754795765e-08,2.4077798754795744e-06,success,
70ce9feb93d7473b16f9a8bf,frozen,large,5000,"{""state_dim"": 5000}",0,fd7fd518ad4c53ab1fe800673829ffb56eeda04bcd38d8bc6d3b621fca29a7d7,1f84d1b30f87fc11914ada70bb6def1407213b73fb7fc2baf42611bebe0ce31e,4900,4,55322,899080,0.0005760308204914619,0.210684800054878,mdpsolver_vi,1,0,0.99,0.001,1,0.5722890000324696,1.1096019998658448,60,60,100000,256,4.595974534282732e-08,4.595974534282728e-06,success,
d98eeb3cf889387358143091,gambler,small,100,"{""state_dim"": 100}",0,f00927d7735b4352c4e837768f1c096ab5b1b7c921cb2ab66300ac504238bab7,d1da7703a2c1021d7ce2a3d95f5982fc3ee1b3c5cd1308fae37ed3deff760e31,101,10,2000,36160,0.019605920988138417,0.004868500167503953,mdpforge_vi,1,0,0.99,0.001,1,0.004896899918094277,0.39256510022096336,60,60,100000,256,8.65348265680077e-06,0.0008653482656800763,success,
d98eeb3cf889387358143091,gambler,small,100,"{""state_dim"": 100}",0,f00927d7735b4352c4e837768f1c096ab5b1b7c921cb2ab66300ac504238bab7,d1da7703a2c1021d7ce2a3d95f5982fc3ee1b3c5cd1308fae37ed3deff760e31,101,10,2000,36160,0.019605920988138417,0.004868500167503953,mdptoolbox_vi,1,0,0.99,0.001,1,0.054906100034713745,0.43296419992111623,60,60,100000,256,4.73021071201174e-08,4.730210712011736e-06,success,
d98eeb3cf889387358143091,gambler,small,100,"{""state_dim"": 100}",0,f00927d7735b4352c4e837768f1c096ab5b1b7c921cb2ab66300ac504238bab7,d1da7703a2c1021d7ce2a3d95f5982fc3ee1b3c5cd1308fae37ed3deff760e31,101,10,2000,36160,0.019605920988138417,0.004868500167503953,marmote_vi,1,0,0.99,0.001,1,0.017780099995434284,0.4007381999399513,60,60,100000,256,2.4814045845866772e-08,2.481404584586675e-06,success,
d98eeb3cf889387358143091,gambler,small,100,"{""state_dim"": 100}",0,f00927d7735b4352c4e837768f1c096ab5b1b7c921cb2ab66300ac504238bab7,d1da7703a2c1021d7ce2a3d95f5982fc3ee1b3c5cd1308fae37ed3deff760e31,101,10,2000,36160,0.019605920988138417,0.004868500167503953,mdpsolver_vi,1,0,0.99,0.001,1,0.016124800080433488,0.43135119997896254,60,60,100000,256,4.0753859398279246e-08,4.075385939827921e-06,success,
442de8cfcc071912e6c05122,gambler,medium,1000,"{""state_dim"": 1000}",0,f00927d7735b4352c4e837768f1c096ab5b1b7c921cb2ab66300ac504238bab7,ab4dae0e12fd2026608c8d9523da2fd7153f55dd74a6f862511901a852b3427a,1001,10,20000,360160,0.001996005992009988,0.055886900052428246,mdpforge_vi,1,0,0.99,0.001,1,0.014205199899151921,0.422686800127849,60,60,100000,256,9.26454549604605e-06,0.0009264545496046042,success,
442de8cfcc071912e6c05122,gambler,medium,1000,"{""state_dim"": 1000}",0,f00927d7735b4352c4e837768f1c096ab5b1b7c921cb2ab66300ac504238bab7,ab4dae0e12fd2026608c8d9523da2fd7153f55dd74a6f862511901a852b3427a,1001,10,20000,360160,0.001996005992009988,0.055886900052428246,mdptoolbox_vi,1,0,0.99,0.001,1,0.6707663000561297,1.0524725001305342,60,60,100000,256,4.846681506133455e-08,4.846681506133451e-06,success,
442de8cfcc071912e6c05122,gambler,medium,1000,"{""state_dim"": 1000}",0,f00927d7735b4352c4e837768f1c096ab5b1b7c921cb2ab66300ac504238bab7,ab4dae0e12fd2026608c8d9523da2fd7153f55dd74a6f862511901a852b3427a,1001,10,20000,360160,0.001996005992009988,0.055886900052428246,marmote_vi,1,0,0.99,0.001,1,0.16421449999324977,0.5580825000070035,60,60,100000,256,2.3690244044256685e-08,2.3690244044256664e-06,success,
442de8cfcc071912e6c05122,gambler,medium,1000,"{""state_dim"": 1000}",0,f00927d7735b4352c4e837768f1c096ab5b1b7c921cb2ab66300ac504238bab7,ab4dae0e12fd2026608c8d9523da2fd7153f55dd74a6f862511901a852b3427a,1001,10,20000,360160,0.001996005992009988,0.055886900052428246,mdpsolver_vi,1,0,0.99,0.001,1,0.15725530008785427,0.5432408000342548,60,60,100000,256,4.692371724512867e-08,4.692371724512863e-06,success,
b17f8974d7aed5df5b371948,gambler,large,5000,"{""state_dim"": 5000}",0,f00927d7735b4352c4e837768f1c096ab5b1b7c921cb2ab66300ac504238bab7,0f4d26314b87384c9fa2f64a317c832bb45e58a2babd992eee850387a57b13c5,5001,10,100000,1800160,0.0003998400479872032,0.22777659981511533,mdpforge_vi,1,0,0.99,0.001,1,0.03385180002078414,0.46103010000661016,60,60,100000,256,9.26454549604605e-06,0.0009264545496046042,success,
b17f8974d7aed5df5b371948,gambler,large,5000,"{""state_dim"": 5000}",0,f00927d7735b4352c4e837768f1c096ab5b1b7c921cb2ab66300ac504238bab7,0f4d26314b87384c9fa2f64a317c832bb45e58a2babd992eee850387a57b13c5,5001,10,100000,1800160,0.0003998400479872032,0.22777659981511533,mdptoolbox_vi,1,0,0.99,0.001,1,10.395823300117627,11.00342720001936,60,60,100000,256,4.846681506133455e-08,4.846681506133451e-06,success,
b17f8974d7aed5df5b371948,gambler,large,5000,"{""state_dim"": 5000}",0,f00927d7735b4352c4e837768f1c096ab5b1b7c921cb2ab66300ac504238bab7,0f4d26314b87384c9fa2f64a317c832bb45e58a2babd992eee850387a57b13c5,5001,10,100000,1800160,0.0003998400479872032,0.22777659981511533,marmote_vi,1,0,0.99,0.001,1,0.9625196999404579,1.509852700168267,60,60,100000,256,2.3690244044256685e-08,2.3690244044256664e-06,success,
b17f8974d7aed5df5b371948,gambler,large,5000,"{""state_dim"": 5000}",0,f00927d7735b4352c4e837768f1c096ab5b1b7c921cb2ab66300ac504238bab7,0f4d26314b87384c9fa2f64a317c832bb45e58a2babd992eee850387a57b13c5,5001,10,100000,1800160,0.0003998400479872032,0.22777659981511533,mdpsolver_vi,1,0,0.99,0.001,1,1.052853199886158,1.710769500117749,60,60,100000,256,4.692371724512867e-08,4.692371724512863e-06,success,
f3c6bdb3340b6755fbfc7074,garnet,small,100,"{""state_dim"": 100}",0,234741720b61efeac1b90f913a6fbd5570541feb39016625c07e1b52190e9acd,754298fa434d3a1dba506ae0268f55348349619071f8fd6ebc9814aa121d9497,100,10,85145,1033780,0.85145,0.3588914000429213,mdpforge_vi,1,0,0.99,0.001,1,0.10370149998925626,0.638428500154987,60,60,100000,256,9.867554354059394e-06,0.0009867554354059385,success,
f3c6bdb3340b6755fbfc7074,garnet,small,100,"{""state_dim"": 100}",0,234741720b61efeac1b90f913a6fbd5570541feb39016625c07e1b52190e9acd,754298fa434d3a1dba506ae0268f55348349619071f8fd6ebc9814aa121d9497,100,10,85145,1033780,0.85145,0.3588914000429213,mdptoolbox_vi,1,0,0.99,0.001,1,0.06125150015577674,0.5834542999509722,60,60,100000,256,2.1713049136451446e-09,2.1713049136451427e-07,success,
f3c6bdb3340b6755fbfc7074,garnet,small,100,"{""state_dim"": 100}",0,234741720b61efeac1b90f913a6fbd5570541feb39016625c07e1b52190e9acd,754298fa434d3a1dba506ae0268f55348349619071f8fd6ebc9814aa121d9497,100,10,85145,1033780,0.85145,0.3588914000429213,marmote_vi,1,0,0.99,0.001,1,0.7601095999125391,1.2809051999356598,60,60,100000,256,2.2737367544323206e-13,2.2737367544323187e-11,success,
f3c6bdb3340b6755fbfc7074,garnet,small,100,"{""state_dim"": 100}",0,234741720b61efeac1b90f913a6fbd5570541feb39016625c07e1b52190e9acd,754298fa434d3a1dba506ae0268f55348349619071f8fd6ebc9814aa121d9497,100,10,85145,1033780,0.85145,0.3588914000429213,mdpsolver_vi,1,0,0.99,0.001,1,0.6420228001661599,1.1447415999136865,60,60,100000,256,2.0730794858536683e-10,2.0730794858536663e-08,success,
7a27c8e184c8289118e4ba40,garnet,medium,200,"{""state_dim"": 200}",0,234741720b61efeac1b90f913a6fbd5570541feb39016625c07e1b52190e9acd,08712159dd88b1f7d91dbb41e90278480e47edf78009af9162dbb175f0fa56c6,200,10,340337,4108084,0.8508425,0.808002500096336,mdpforge_vi,1,0,0.99,0.001,1,0.2168560998979956,0.7305942000821233,60,60,100000,256,9.892682356849036e-06,0.0009892682356849028,success,
7a27c8e184c8289118e4ba40,garnet,medium,200,"{""state_dim"": 200}",0,234741720b61efeac1b90f913a6fbd5570541feb39016625c07e1b52190e9acd,08712159dd88b1f7d91dbb41e90278480e47edf78009af9162dbb175f0fa56c6,200,10,340337,4108084,0.8508425,0.808002500096336,mdptoolbox_vi,1,0,0.99,0.001,1,0.2208658999297768,0.745036399923265,60,60,100000,256,2.174004976041033e-09,2.174004976041031e-07,success,
7a27c8e184c8289118e4ba40,garnet,medium,200,"{""state_dim"": 200}",0,234741720b61efeac1b90f913a6fbd5570541feb39016625c07e1b52190e9acd,08712159dd88b1f7d91dbb41e90278480e47edf78009af9162dbb175f0fa56c6,200,10,340337,4108084,0.8508425,0.808002500096336,marmote_vi,1,0,0.99,0.001,1,3.2440331999678165,3.7759982000570744,60,60,100000,256,2.2737367544323206e-13,2.2737367544323187e-11,success,
7a27c8e184c8289118e4ba40,garnet,medium,200,"{""state_dim"": 200}",0,234741720b61efeac1b90f913a6fbd5570541feb39016625c07e1b52190e9acd,08712159dd88b1f7d91dbb41e90278480e47edf78009af9162dbb175f0fa56c6,200,10,340337,4108084,0.8508425,0.808002500096336,mdpsolver_vi,1,0,0.99,0.001,1,2.7021559001877904,3.2242056999821216,60,60,100000,256,1.1507950148370583e-10,1.1507950148370573e-08,success,
584a88bf2c693858800e8842,garnet,large,400,"{""state_dim"": 400}",0,234741720b61efeac1b90f913a6fbd5570541feb39016625c07e1b52190e9acd,539be5c74e3a765d02131339a26c1f801eeb1d6a5b6ef05ac585f0f0d437ec3f,400,10,1360600,16375240,0.850375,1.9517194000072777,mdpforge_vi,1,0,0.99,0.001,1,1.246813999954611,1.7973515999037772,60,60,100000,256,9.878775983906962e-06,0.0009878775983906954,success,
584a88bf2c693858800e8842,garnet,large,400,"{""state_dim"": 400}",0,234741720b61efeac1b90f913a6fbd5570541feb39016625c07e1b52190e9acd,539be5c74e3a765d02131339a26c1f801eeb1d6a5b6ef05ac585f0f0d437ec3f,400,10,1360600,16375240,0.850375,1.9517194000072777,mdptoolbox_vi,1,0,0.99,0.001,1,1.1077614999376237,1.695027400040999,60,60,100000,256,2.1620394363708328e-10,2.162039436370831e-08,success,
584a88bf2c693858800e8842,garnet,large,400,"{""state_dim"": 400}",0,234741720b61efeac1b90f913a6fbd5570541feb39016625c07e1b52190e9acd,539be5c74e3a765d02131339a26c1f801eeb1d6a5b6ef05ac585f0f0d437ec3f,400,10,1360600,16375240,0.850375,1.9517194000072777,marmote_vi,1,0,0.99,0.001,1,16.112540500005707,16.726148799993098,60,60,100000,256,3.126388037344441e-13,3.126388037344438e-11,success,
584a88bf2c693858800e8842,garnet,large,400,"{""state_dim"": 400}",0,234741720b61efeac1b90f913a6fbd5570541feb39016625c07e1b52190e9acd,539be5c74e3a765d02131339a26c1f801eeb1d6a5b6ef05ac585f0f0d437ec3f,400,10,1360600,16375240,0.850375,1.9517194000072777,mdpsolver_vi,1,0,0.99,0.001,1,12.295233400072902,12.82883909996599,60,60,100000,256,8.469669410260394e-12,8.469669410260387e-10,success,
a7abc74a43b19ad113631fc9,hexagonal_grid_soccer,small,343,"{""state_dim"": 343}",0,ae5a9fba4a80c68a6d3aa400a70c963661c8b491488a63fac9314478ab41a00b,f9db11b0ff17cf45e64c7f8415b0553a1b572129197d59f388fd192e8f24c348,343,6,2058,49416,0.0029154518950437317,0.01162289991043508,mdpforge_vi,1,0,0.99,0.001,1,0.07301319995895028,0.5967818000353873,60,60,100000,256,9.88030797088868e-06,0.0009880307970888671,success,
a7abc74a43b19ad113631fc9,hexagonal_grid_soccer,small,343,"{""state_dim"": 343}",0,ae5a9fba4a80c68a6d3aa400a70c963661c8b491488a63fac9314478ab41a00b,f9db11b0ff17cf45e64c7f8415b0553a1b572129197d59f388fd192e8f24c348,343,6,2058,49416,0.0029154518950437317,0.01162289991043508,mdptoolbox_vi,1,0,0.99,0.001,1,0.22764990013092756,0.7663358000572771,60,60,100000,256,4.950629772793036e-08,4.950629772793032e-06,success,
a7abc74a43b19ad113631fc9,hexagonal_grid_soccer,small,343,"{""state_dim"": 343}",0,ae5a9fba4a80c68a6d3aa400a70c963661c8b491488a63fac9314478ab41a00b,f9db11b0ff17cf45e64c7f8415b0553a1b572129197d59f388fd192e8f24c348,343,6,2058,49416,0.0029154518950437317,0.01162289991043508,marmote_vi,1,0,0.99,0.001,1,0.04950110008940101,0.6540278000757098,60,60,100000,256,2.49951881414745e-08,2.499518814147448e-06,success,
a7abc74a43b19ad113631fc9,hexagonal_grid_soccer,small,343,"{""state_dim"": 343}",0,ae5a9fba4a80c68a6d3aa400a70c963661c8b491488a63fac9314478ab41a00b,f9db11b0ff17cf45e64c7f8415b0553a1b572129197d59f388fd192e8f24c348,343,6,2058,49416,0.0029154518950437317,0.01162289991043508,mdpsolver_vi,1,0,0.99,0.001,1,0.0429704999551177,0.5627643000334501,60,60,100000,256,4.9011305236490443e-08,4.90113052364904e-06,success,
012e9da8b0c0ce05084c5004,hexagonal_grid_soccer,medium,6859,"{""state_dim"": 6859}",0,ae5a9fba4a80c68a6d3aa400a70c963661c8b491488a63fac9314478ab41a00b,81a66b9436ecbe588a11a68051329bfa90cb523327f8075bf9f6d108aea1536f,6859,6,41154,987720,0.0001457938474996355,0.2660860000178218,mdpforge_vi,1,0,0.99,0.001,1,0.34050579997710884,0.8543863000813872,60,60,100000,256,9.88030842563603e-06,0.0009880308425636022,success,
012e9da8b0c0ce05084c5004,hexagonal_grid_soccer,medium,6859,"{""state_dim"": 6859}",0,ae5a9fba4a80c68a6d3aa400a70c963661c8b491488a63fac9314478ab41a00b,81a66b9436ecbe588a11a68051329bfa90cb523327f8075bf9f6d108aea1536f,6859,6,41154,987720,0.0001457938474996355,0.2660860000178218,mdptoolbox_vi,1,0,0.99,0.001,1,9.177720899926499,9.668626999948174,60,60,100000,256,4.95065251016058e-08,4.950652510160576e-06,success,
012e9da8b0c0ce05084c5004,hexagonal_grid_soccer,medium,6859,"{""state_dim"": 6859}",0,ae5a9fba4a80c68a6d3aa400a70c963661c8b491488a63fac9314478ab41a00b,81a66b9436ecbe588a11a68051329bfa90cb523327f8075bf9f6d108aea1536f,6859,6,41154,987720,0.0001457938474996355,0.2660860000178218,marmote_vi,1,0,0.99,0.001,1,0.8085451000370085,1.1980457999743521,60,60,100000,256,2.49951881414745e-08,2.499518814147448e-06,success,
012e9da8b0c0ce05084c5004,hexagonal_grid_soccer,medium,6859,"{""state_dim"": 6859}",0,ae5a9fba4a80c68a6d3aa400a70c963661c8b491488a63fac9314478ab41a00b,81a66b9436ecbe588a11a68051329bfa90cb523327f8075bf9f6d108aea1536f,6859,6,41154,987720,0.0001457938474996355,0.2660860000178218,mdpsolver_vi,1,0,0.99,0.001,1,0.8394128999207169,1.2210037000477314,60,60,100000,256,4.9011305236490443e-08,4.90113052364904e-06,success,
15e6e67bebacd8821688ba90,hexagonal_grid_soccer,large,50653,"{""state_dim"": 50653}",0,ae5a9fba4a80c68a6d3aa400a70c963661c8b491488a63fac9314478ab41a00b,8819d7af1474c819c62e7c3a201db5fb50c773ad8aaec50f50cd65ec904f6eb9,50653,6,303918,7294056,1.9742167295125657e-05,1.7691472000442445,mdpforge_vi,1,0,0.99,0.001,1,3.180321800056845,3.5664670998230577,60,60,100000,256,9.88030842563603e-06,0.0009880308425636022,success,
