case_id,model,size,preset_source,expected_state_dim,state_dim,action_dim,constructor_options,source_sha256,mode,model_seed,discount,precision,threads,timeout_seconds,build_timeout_seconds,max_states,max_matrix_mib,solver,repeat,seed,status,build_seconds,nnz,matrix_bytes,fingerprint,runtime,wall_seconds,residual,error_bound,budget_seconds,budget_met,error
d691d54886f37cd3fd3be77b,blocks_world,small,measured,96,96,6,"{""state_dim"": 96}",d5bb1ddb0fd025c1ee386320eeed084e49c78edf621029b9de2501e719683cfd,build,0,0.99,0.001,1,60,60,100000,256,,,,success,0.0012540000025182962,576,13848,f412d370a1779490c88d9fd315e12d2eb3a5477d3de6f810163f14807984caeb,,0.7651649001054466,,,1.0,,
a9a34c0407ced8ee39fc5acd,blocks_world,medium,parameterized,9600,9600,6,"{""state_dim"": 9600}",d5bb1ddb0fd025c1ee386320eeed084e49c78edf621029b9de2501e719683cfd,build,0,0.99,0.001,1,60,60,100000,256,,,,success,0.0013593998737633228,57600,1382424,32723a3f096fd4fe46942473744bc7f8d11040522f211b44c2dc6c1197368bc4,,0.8007365998346359,,,5.0,,
293a71dd0b8f35b3f432b4a9,blocks_world,large,parameterized,96000,96000,6,"{""state_dim"": 96000}",d5bb1ddb0fd025c1ee386320eeed084e49c78edf621029b9de2501e719683cfd,build,0,0.99,0.001,1,60,60,100000,256,,,,success,0.006813999963924289,576000,13824024,14bf94324d95361768844f27cadb564b180f7473194095a68baa5c06ac51d0bf,,0.7777505998965353,,,30.0,,
eb1e648c7c907c1518fe218e,elevator,small,analytical,176,176,5,"{""state_dim"": 176}",bc3609b35746bdbc75086d009444472df98b0a3db404c9641bbae5ee36c4db8a,build,0,0.99,0.001,1,60,60,100000,256,,,,success,0.0033102999441325665,928,21716,2a35381d6989141d9f8e20ff2915b750a51b1f08d90d122463d8c142bf724ef6,,0.7287737000733614,,,1.0,,
047e59faf054fdb2f145cb1e,elevator,medium,analytical,1664,1664,5,"{""state_dim"": 1664}",bc3609b35746bdbc75086d009444472df98b0a3db404c9641bbae5ee36c4db8a,build,0,0.99,0.001,1,60,60,100000,256,,,,success,0.01847910019569099,9216,210452,abb4d2d8a115bb8d9913b4c6101bb26ca29f5e2d4cf3b1343733f8e306e97260,,0.7454239001963288,,,5.0,,
9522aea3e4185312b5e44bb6,elevator,large,analytical,14592,14592,5,"{""state_dim"": 14592}",bc3609b35746bdbc75086d009444472df98b0a3db404c9641bbae5ee36c4db8a,build,0,0.99,0.001,1,60,60,100000,256,,,,success,0.16952999983914196,84480,1889300,495466ab7081f744f6521b8898945085be3efb89c44f2575cfeb8e95734f6d63,,0.910331399878487,,,30.0,,
5362c129aa6af1a9d10f2b54,peg_solitaire,small,configured,128,128,36,"{""state_dim"": 128}",461576cd4ea252876e8e0e10542128f429c61072453bea9f7be3d7f6953cbf00,build,0,0.99,0.001,1,60,60,100000,256,,,,success,0.000999300042167306,4608,110736,c9d919b7cab7bd1e0e413d6c2330def12bc513bb2919afa7663507f8d9138c93,,0.7440745998173952,,,1.0,,
d634a55dc4170902c9e4fb7c,peg_solitaire,medium,configured,512,512,36,"{""state_dim"": 512}",461576cd4ea252876e8e0e10542128f429c61072453bea9f7be3d7f6953cbf00,build,0,0.99,0.001,1,60,60,100000,256,,,,success,0.0008270998951047659,18432,442512,2b8b687251a0851d7b22c3bdbe30772f0cedb98129b57ceb7bff60df0ac4120b,,0.7149322000332177,,,5.0,,
1fbaf505b201496b2a65fa66,peg_solitaire,large,configured,8192,8192,64,"{""state_dim"": 8192}",461576cd4ea252876e8e0e10542128f429c61072453bea9f7be3d7f6953cbf00,build,0,0.99,0.001,1,60,60,100000,256,,,,success,0.001953700091689825,524288,12583168,7ac2527ec2064aa4f0fa5383f9f8dbd3d60ed12157b70f37d800b4cf8bb8d37b,,0.734442199813202,,,30.0,,
81d50ce34e7fa5927c0247f1,inventory,small,measured,99,99,10,"{""state_dim"": 100}",f89713bfa45ed8a9ff250439948b00bbccac2a0e75c76e9dc15c337e83bb95aa,build,0,0.99,0.001,1,60,60,100000,256,,,,success,0.07701439992524683,2966,47512,ac6a327480763bd23eb539c0cb4c1686a6d9361d51ea95c562cb81ba8478559e,,1.3993593000341207,,,1.0,,
080ec27526dec402db44e45e,inventory,medium,measured,999,999,10,"{""state_dim"": 1000}",f89713bfa45ed8a9ff250439948b00bbccac2a0e75c76e9dc15c337e83bb95aa,build,0,0.99,0.001,1,60,60,100000,256,,,,success,0.7958859000355005,29966,479512,c73d79503feaf37826f4e9d465ae1214de6bd131580b7fa3348c8e6f7cdd7dc1,,2.139917500084266,,,5.0,,
f6e2576ba4a5731888579744,inventory,large,inferred,4595,4595,10,"{""state_dim"": 4595}",f89713bfa45ed8a9ff250439948b00bbccac2a0e75c76e9dc15c337e83bb95aa,build,0,0.99,0.001,1,60,60,100000,256,,,,success,3.678568199975416,137846,2205592,f1093fa616bd6280a4b3e3b223398e1388ecf3308a51a558e415d1d321e05d26,,5.01277959998697,,,30.0,,
