model,state_dim,action_dim,solver,repeat,seed,discount,epsilon,runtime,residual,error_bound,status,error
200_10_garnet_0.85_1.0,200,10,VI,1,0,0.99,0.001,0.20958480006083846,9.892682356849036e-06,0.0009892682356849028,success,
200_10_garnet_0.85_1.0,200,10,VI,2,1,0.99,0.001,0.20931910001672804,9.892682356849036e-06,0.0009892682356849028,success,
200_10_garnet_0.85_1.0,200,10,VI,3,2,0.99,0.001,0.20490590017288923,9.892682356849036e-06,0.0009892682356849028,success,
200_10_garnet_0.85_1.0,200,10,personal_mpi,1,0,0.99,0.001,0.2715563999954611,9.85024192345918e-06,0.0009850241923459171,success,
200_10_garnet_0.85_1.0,200,10,personal_mpi,2,1,0.99,0.001,0.26780580007471144,9.82604288424227e-06,0.0009826042884242261,success,
200_10_garnet_0.85_1.0,200,10,personal_mpi,3,2,0.99,0.001,0.2760260000359267,9.845444310485618e-06,0.000984544431048561,success,
200_10_garnet_0.85_1.0,200,10,mdptoolbox_mpi,1,0,0.99,0.001,0.0115726999938488,3.694822225952521e-13,3.694822225952518e-11,success,
200_10_garnet_0.85_1.0,200,10,mdptoolbox_mpi,2,1,0.99,0.001,0.009978500194847584,3.694822225952521e-13,3.694822225952518e-11,success,
200_10_garnet_0.85_1.0,200,10,mdptoolbox_mpi,3,2,0.99,0.001,0.010264200158417225,3.694822225952521e-13,3.694822225952518e-11,success,
200_10_garnet_0.85_1.0,200,10,bertsekas_pi,1,0,0.99,0.001,0.007871800102293491,9.538609901937889e-10,9.538609901937881e-08,success,
200_10_garnet_0.85_1.0,200,10,bertsekas_pi,2,1,0.99,0.001,0.008715899894014001,9.538609901937889e-10,9.538609901937881e-08,success,
200_10_garnet_0.85_1.0,200,10,bertsekas_pi,3,2,0.99,0.001,0.007953000022098422,9.538609901937889e-10,9.538609901937881e-08,success,
100_2_chain_walk,100,2,VI,1,0,0.99,0.001,0.016897200141102076,9.880828194752667e-06,0.0009880828194752658,success,
100_2_chain_walk,100,2,VI,2,1,0.99,0.001,0.016548700165003538,9.880828194752667e-06,0.0009880828194752658,success,
100_2_chain_walk,100,2,VI,3,2,0.99,0.001,0.0171274000313133,9.880828194752667e-06,0.0009880828194752658,success,
100_2_chain_walk,100,2,personal_mpi,1,0,0.99,0.001,0.038281100103631616,9.879415244995471e-06,0.0009879415244995462,success,
100_2_chain_walk,100,2,personal_mpi,2,1,0.99,0.001,0.03920530015602708,9.81799358612534e-06,0.0009817993586125331,success,
100_2_chain_walk,100,2,personal_mpi,3,2,0.99,0.001,0.03886509989388287,9.82166429253084e-06,0.0009821664292530832,success,
100_2_chain_walk,100,2,mdptoolbox_mpi,1,0,0.99,0.001,0.012485999846830964,4.688667445407191e-06,0.00046886674454071865,success,
100_2_chain_walk,100,2,mdptoolbox_mpi,2,1,0.99,0.001,0.011755799874663353,4.688667445407191e-06,0.00046886674454071865,success,
100_2_chain_walk,100,2,mdptoolbox_mpi,3,2,0.99,0.001,0.012519200099632144,4.688667445407191e-06,0.00046886674454071865,success,
100_2_chain_walk,100,2,bertsekas_pi,1,0,0.99,0.001,0.07054860005155206,5.97696185877794e-08,5.9769618587779354e-06,success,
100_2_chain_walk,100,2,bertsekas_pi,2,1,0.99,0.001,0.06802220013923943,5.97696185877794e-08,5.9769618587779354e-06,success,
100_2_chain_walk,100,2,bertsekas_pi,3,2,0.99,0.001,0.07001609983853996,5.97696185877794e-08,5.9769618587779354e-06,success,
100_4_rooms,100,4,VI,1,0,0.99,0.001,0.001009299885481596,2.9777220298399243e-06,0.00029777220298399216,success,
100_4_rooms,100,4,VI,2,1,0.99,0.001,0.0010073999874293804,2.9777220298399243e-06,0.00029777220298399216,success,
100_4_rooms,100,4,VI,3,2,0.99,0.001,0.0008684999775141478,2.9777220298399243e-06,0.00029777220298399216,success,
100_4_rooms,100,4,personal_mpi,1,0,0.99,0.001,0.005334399873390794,3.145873163745705e-06,0.0003145873163745702,success,
100_4_rooms,100,4,personal_mpi,2,1,0.99,0.001,0.005732699995860457,2.7944495517573387e-06,0.0002794449551757336,success,
100_4_rooms,100,4,personal_mpi,3,2,0.99,0.001,0.005900699878111482,3.4636943837540457e-06,0.00034636943837540424,success,
100_4_rooms,100,4,mdptoolbox_mpi,1,0,0.99,0.001,0.005362600088119507,7.299111537406588e-08,7.299111537406582e-06,success,
100_4_rooms,100,4,mdptoolbox_mpi,2,1,0.99,0.001,0.005025699967518449,7.299111537406588e-08,7.299111537406582e-06,success,
100_4_rooms,100,4,mdptoolbox_mpi,3,2,0.99,0.001,0.005710600176826119,7.299111537406588e-08,7.299111537406582e-06,success,
100_4_rooms,100,4,bertsekas_pi,1,0,0.99,0.001,0.016432699980214238,1.0640857084354138e-09,1.0640857084354129e-07,success,
100_4_rooms,100,4,bertsekas_pi,2,1,0.99,0.001,0.01665200013667345,1.0640857084354138e-09,1.0640857084354129e-07,success,
100_4_rooms,100,4,bertsekas_pi,3,2,0.99,0.001,0.015968299936503172,1.0640857084354138e-09,1.0640857084354129e-07,success,
